id,first_name,last_name,email,gender,ip_address,street_address
1,Adele,Garshore,agarshore0@theguardian.com,Non-binary,150.3.122.129,517 Granby Place
2,Shelly,Pennycuick,spennycuick1@webnode.com,Female,180.131.121.106,1024 Hintze Crossing
3,Malvina,Conelly,mconelly2@china.com.cn,Genderfluid,12.29.187.196,6 Union Circle
4,Juditha,Abram,jabram3@umich.edu,Female,124.126.83.30,87474 Atwood Avenue
5,Wenona,Bourdon,wbourdon4@miitbeian.gov.cn,Female,210.54.104.61,73334 8th Alley
6,Terza,Turnor,tturnor5@mozilla.org,Female,113.52.31.28,47748 Springs Drive
7,Omar,Kopman,okopman6@unesco.org,Male,73.140.111.163,92818 Oxford Alley
8,Turner,Costen,tcosten7@reddit.com,Agender,144.22.81.126,404 Superior Road
9,Reuven,O'Farris,rofarris8@mayoclinic.com,Male,54.225.176.51,7 Birchwood Junction
10,Joli,Arlet,jarlet9@admin.ch,Female,244.141.205.5,76023 Burning Wood Pass
11,Cassandry,Liggens,cliggensa@networksolutions.com,Agender,19.246.172.198,2429 Mockingbird Court
12,Celinda,Gopsill,cgopsillb@ezinearticles.com,Female,12.166.122.36,858 Michigan Court
13,Giffy,d'Arcy,gdarcyc@youtu.be,Male,232.169.85.88,117 Pine View Alley
14,Felizio,Uman,fumand@walmart.com,Male,108.135.90.100,4520 Nelson Street
15,Aida,Gillice,agillicee@sfgate.com,Female,12.230.26.67,628 Blaine Court
16,Aylmer,Leverett,aleverettf@wikimedia.org,Male,177.30.245.105,0887 Brentwood Crossing
17,Tannie,Merigeau,tmerigeaug@huffingtonpost.com,Male,25.163.147.10,93679 Carpenter Court
18,Flossi,Yaxley,fyaxleyh@dailymotion.com,Female,28.90.103.115,7229 Meadow Vale Road
19,Glad,Guidera,gguiderai@nba.com,Polygender,153.208.129.9,7537 Farragut Point
20,Archie,Hazelby,ahazelbyj@loc.gov,Male,162.115.85.50,55147 Badeau Avenue
21,Nero,Gilbride,ngilbridek@cbsnews.com,Male,129.4.238.7,56 Lake View Drive
22,Marketa,Figgins,mfigginsl@youku.com,Agender,47.112.77.152,3 Trailsway Lane
23,Buckie,Bidewell,bbidewellm@themeforest.net,Male,39.63.118.212,4 Algoma Pass
24,Tatiana,Theuff,ttheuffn@comsenz.com,Female,188.23.79.59,7 Fuller Street
25,Kassia,Dufall,kdufallo@blogger.com,Female,82.112.50.22,9176 Basil Parkway
26,Jany,Denys,jdenysp@sogou.com,Genderfluid,19.222.250.141,37 Homewood Street
27,Maridel,Rutigliano,mrutiglianoq@1688.com,Female,231.157.242.48,816 Badeau Hill
28,Rodolphe,Tudor,rtudorr@privacy.gov.au,Male,169.187.140.140,67230 Dixon Point
29,Grange,Owers,gowerss@wikipedia.org,Male,200.223.247.130,2560 Dryden Trail
30,Reggis,Pandya,rpandyat@posterous.com,Male,19.91.219.71,629 Chinook Point
31,Haze,Shepheard,hshepheardu@stanford.edu,Male,246.46.43.91,65937 Hanson Hill
32,Natalee,Hawes,nhawesv@hhs.gov,Female,221.132.207.85,189 Burrows Trail
33,Catha,Letty,clettyw@ox.ac.uk,Female,237.25.100.139,5690 Kings Center
34,Torey,Trunkfield,ttrunkfieldx@chicagotribune.com,Female,67.152.248.254,5409 Sutherland Way
35,Ky,Nanni,knanniy@ca.gov,Male,53.233.197.1,9 Rieder Parkway
36,Christal,Bealing,cbealingz@edublogs.org,Female,205.17.136.178,109 Randy Crossing
37,Jaclin,Heady,jheady10@nih.gov,Female,96.13.13.42,528 Daystar Street
38,Ray,Gwin,rgwin11@dailymail.co.uk,Male,102.139.47.72,217 Hoepker Crossing
39,Prudy,Myton,pmyton12@yale.edu,Female,40.166.122.145,063 Sherman Street
40,Mozes,Rylands,mrylands13@discuz.net,Male,39.121.182.130,2 Mallory Junction
41,Henrietta,Kienzle,hkienzle14@jigsy.com,Female,172.183.33.72,58 Karstens Way
42,Jdavie,Brusby,jbrusby15@discuz.net,Male,102.109.85.236,8388 Grasskamp Junction
43,Cortie,Berthouloume,cberthouloume16@icio.us,Male,63.40.129.13,25757 Dakota Point
44,Krystle,Cuseck,kcuseck17@tamu.edu,Female,242.120.136.53,34689 Mallory Point
45,Alfred,Starie,astarie18@angelfire.com,Male,14.152.214.193,75262 Tony Road
46,Meris,Lydster,mlydster19@va.gov,Female,245.162.125.120,34 Elgar Lane
47,Lauryn,Woolfitt,lwoolfitt1a@list-manage.com,Female,205.204.41.85,6646 Transport Center
48,Kellen,Shitliffe,kshitliffe1b@springer.com,Male,118.233.142.154,74414 Oak Alley
49,Granville,Lief,glief1c@wikipedia.org,Male,253.164.101.196,6 Sauthoff Road
50,Joane,Geddis,jgeddis1d@linkedin.com,Female,182.39.94.86,124 Farragut Plaza
51,Howie,De Blasi,hdeblasi1e@oaic.gov.au,Male,27.77.60.113,33376 Westport Terrace
52,Sabra,Bellenger,sbellenger1f@devhub.com,Female,6.105.235.198,825 Prairieview Hill
53,Ruby,Ruffy,rruffy1g@go.com,Male,122.57.42.127,8 Dakota Drive
54,Conrade,Wickersley,cwickersley1h@mediafire.com,Polygender,27.7.124.56,7 Merrick Center
55,Allen,Alexis,aalexis1i@free.fr,Male,6.41.14.110,750 Algoma Hill
56,Ailis,Cutbirth,acutbirth1j@cnbc.com,Female,151.216.212.30,3702 Vidon Road
57,Jillene,Rowat,jrowat1k@intel.com,Female,45.137.6.125,2840 Mosinee Avenue
58,Elayne,Dalman,edalman1l@bloomberg.com,Female,211.86.31.174,583 Independence Plaza
59,Jaquith,Ciobotaro,jciobotaro1m@hp.com,Female,120.71.150.72,3 Esker Circle
60,Antoni,Bakewell,abakewell1n@tuttocitta.it,Male,98.166.40.150,5428 Gateway Place
61,Sharron,Piccop,spiccop1o@opensource.org,Female,157.88.11.209,4 Cherokee Court
62,Julianna,Noteyoung,jnoteyoung1p@drupal.org,Female,165.148.66.215,269 Hallows Terrace
63,Em,Matuszyk,ematuszyk1q@printfriendly.com,Male,0.2.157.224,998 Moulton Park
64,Olivero,Wartonby,owartonby1r@flickr.com,Male,153.136.57.148,1 Chive Road
65,Reeta,Fonso,rfonso1s@surveymonkey.com,Female,207.165.180.118,22 Washington Trail
66,Corinne,Werrit,cwerrit1t@google.co.uk,Female,238.112.198.141,128 Colorado Lane
67,Leif,Kimber,lkimber1u@eepurl.com,Bigender,161.23.84.36,69750 Grayhawk Circle
68,Shannan,Bernardeau,sbernardeau1v@techcrunch.com,Male,155.55.30.176,19 Hollow Ridge Way
69,Papageno,Condell,pcondell1w@opera.com,Male,159.193.32.10,9 Esch Terrace
70,Wilek,Tye,wtye1x@myspace.com,Male,243.234.41.43,6 Fulton Pass
71,Sax,Eadie,seadie1y@earthlink.net,Male,222.98.246.41,494 Redwing Junction
72,Dorey,Labdon,dlabdon1z@prweb.com,Female,242.174.198.8,639 Anhalt Hill
73,Addy,Connochie,aconnochie20@wikipedia.org,Male,142.81.193.177,90 Northport Court
74,Linus,Hubbucke,lhubbucke21@mediafire.com,Male,187.201.234.145,7 Granby Pass
75,Jedidiah,Kornyshev,jkornyshev22@mediafire.com,Male,42.100.197.123,18 Sundown Way
76,Jillie,Andino,jandino23@admin.ch,Female,96.240.129.105,8 Cordelia Junction
77,Kinsley,Ridgeway,kridgeway24@ifeng.com,Male,200.231.229.113,6 Northview Court
78,Eugenio,Malkinson,emalkinson25@whitehouse.gov,Male,176.220.233.7,0858 Riverside Avenue
79,Fran,Metzing,fmetzing26@ucoz.com,Female,95.235.165.74,60 American Ash Park
80,Emmalyn,Gritten,egritten27@toplist.cz,Female,32.166.209.214,27017 North Terrace
81,Gerrie,Benyon,gbenyon28@51.la,Male,158.200.112.202,361 Commercial Hill
82,Roderic,Revitt,rrevitt29@nps.gov,Male,88.16.8.11,0 Dunning Point
83,Jodie,McKelvey,jmckelvey2a@facebook.com,Male,134.108.106.241,73 Buena Vista Trail
84,Elwood,Ovitz,eovitz2b@baidu.com,Male,209.2.97.2,8 Monument Place
85,Agnesse,Haverty,ahaverty2c@webmd.com,Female,252.228.220.112,32 Pierstorff Drive
86,Papageno,Sifflett,psifflett2d@miitbeian.gov.cn,Male,91.82.252.176,98044 Spohn Hill
87,Dicky,Dunton,ddunton2e@google.com,Male,157.249.113.101,7 Chive Hill
88,Lon,Lawday,llawday2f@odnoklassniki.ru,Male,16.218.243.121,31 6th Avenue
89,Monte,Gerritsma,mgerritsma2g@mashable.com,Male,206.136.48.72,401 Maywood Park
90,Quentin,Ellam,qellam2h@smh.com.au,Female,64.16.211.114,66 Spohn Trail
91,Tamas,Denisovo,tdenisovo2i@taobao.com,Non-binary,86.165.45.212,2013 Kings Terrace
92,Gamaliel,Barsham,gbarsham2j@issuu.com,Male,88.244.242.121,81047 Stephen Place
93,Chaim,Schall,cschall2k@discovery.com,Male,143.123.33.91,45598 Sundown Court
94,Aline,Bartlomiejczyk,abartlomiejczyk2l@seesaa.net,Genderfluid,152.135.127.239,95 Brentwood Point
95,Myer,Dikes,mdikes2m@privacy.gov.au,Male,41.197.49.162,3284 4th Center
96,Bobine,Bosch,bbosch2n@state.tx.us,Female,24.1.86.62,049 Waubesa Plaza
97,Mandy,Gracewood,mgracewood2o@purevolume.com,Female,77.226.254.176,98 Commercial Plaza
98,Ashlin,Minkin,aminkin2p@cpanel.net,Male,176.116.159.156,2880 Eliot Junction
99,Joete,Mellmoth,jmellmoth2q@mail.ru,Bigender,19.112.77.13,58 Dapin Parkway
100,Cliff,Fermer,cfermer2r@biblegateway.com,Male,252.22.76.84,6 Thierer Parkway
101,Alecia,Rawls,arawls2s@mail.ru,Female,198.3.88.25,6847 Shopko Crossing
102,Matthus,Prichard,mprichard2t@bbb.org,Male,132.15.112.119,15 Myrtle Trail
103,Anthia,Atwel,aatwel2u@buzzfeed.com,Female,248.55.13.156,9938 Scoville Plaza
104,Ingmar,Queste,iqueste2v@dailymail.co.uk,Bigender,247.247.49.137,48 Division Parkway
105,Helen,McGragh,hmcgragh2w@privacy.gov.au,Female,7.246.255.148,1 Merry Park
106,Skippie,Natt,snatt2x@epa.gov,Male,62.29.162.155,0692 Dryden Circle
107,Francesca,Mallock,fmallock2y@comcast.net,Female,249.164.33.209,798 Sherman Way
108,Ernesto,McGeagh,emcgeagh2z@elegantthemes.com,Male,30.87.204.164,59 Eagle Crest Court
109,Nani,Storrs,nstorrs30@huffingtonpost.com,Female,33.159.45.206,20790 Ruskin Point
110,Odetta,O'Geaney,oogeaney31@illinois.edu,Female,108.79.39.167,7567 Talmadge Crossing
111,Ruthi,Lampard,rlampard32@reuters.com,Female,250.93.98.85,83545 Buell Drive
112,Clarey,Chotty,cchotty33@over-blog.com,Genderfluid,112.118.122.1,2 Spaight Center
113,Colan,Mc Caughen,cmccaughen34@theatlantic.com,Polygender,245.118.3.226,2385 Superior Drive
114,Gannon,Senten,gsenten35@harvard.edu,Male,85.58.104.24,7 Fair Oaks Junction
115,Bourke,Godbert,bgodbert36@independent.co.uk,Male,166.224.227.157,22 Farmco Hill
116,Sansone,Joscelyne,sjoscelyne37@furl.net,Male,228.109.64.166,0 Delladonna Place
117,Hayes,Clamp,hclamp38@theglobeandmail.com,Male,247.22.96.69,5992 Canary Place
118,Berne,Dickens,bdickens39@cdc.gov,Male,235.231.239.220,89 Dixon Trail
119,Darn,Leyburn,dleyburn3a@360.cn,Genderqueer,153.157.62.217,7035 Burrows Hill
120,Peirce,Woolfall,pwoolfall3b@gravatar.com,Male,193.30.89.74,83205 Pennsylvania Circle
121,Sol,Iredell,siredell3c@skype.com,Male,121.192.190.25,3 Columbus Place
122,Heriberto,Planks,hplanks3d@nydailynews.com,Male,139.211.96.195,7850 Little Fleur Drive
123,Farrah,Jinks,fjinks3e@twitpic.com,Female,12.87.152.163,469 Stuart Park
124,Hermann,Newburn,hnewburn3f@wikimedia.org,Male,202.41.169.78,03 Tennessee Crossing
125,Carr,Farnan,cfarnan3g@engadget.com,Male,82.150.26.31,4601 Hoard Plaza
126,Carolus,Ciepluch,cciepluch3h@miibeian.gov.cn,Male,78.26.217.3,795 Gale Drive
127,Wallas,Herley,wherley3i@boston.com,Male,255.206.68.70,1 Delladonna Street
128,Thaine,Lyddiard,tlyddiard3j@dyndns.org,Male,244.147.69.225,421 Kennedy Plaza
129,Leonid,Banat,lbanat3k@imdb.com,Male,140.124.23.136,73 Algoma Way
130,Conan,Marriott,cmarriott3l@google.nl,Male,28.140.191.164,69 Schurz Street
131,Dorri,Richardsson,drichardsson3m@netvibes.com,Female,202.207.55.225,080 Blackbird Plaza
132,Ernst,Fumagalli,efumagalli3n@bloglovin.com,Male,107.28.123.145,379 Badeau Plaza
133,Renard,Le Monnier,rlemonnier3o@state.gov,Male,89.188.140.138,15492 Bunting Road
134,Vivia,Ferenczi,vferenczi3p@nps.gov,Female,188.242.34.87,39502 Saint Paul Crossing
135,Anni,Pethick,apethick3q@purevolume.com,Female,22.226.192.237,298 Sunbrook Junction
136,Jeniece,Claiden,jclaiden3r@feedburner.com,Female,16.26.8.97,489 Fuller Avenue
137,Garth,Canepe,gcanepe3s@ihg.com,Male,232.88.254.176,8420 Loeprich Drive
138,Edlin,Impy,eimpy3t@apple.com,Male,60.185.43.169,22 Truax Point
139,Sheelah,Dando,sdando3u@boston.com,Female,51.251.83.46,06539 Paget Avenue
140,Lauraine,Charnley,lcharnley3v@google.cn,Female,74.155.97.245,186 Brentwood Road
141,Korney,Kinman,kkinman3w@independent.co.uk,Female,210.156.101.93,38 Burrows Center
142,Eadith,Sedman,esedman3x@gnu.org,Female,38.221.201.59,7603 Logan Lane
143,Jacky,Berndtsson,jberndtsson3y@blogtalkradio.com,Male,40.183.72.177,91403 Glacier Hill Parkway
144,Wally,Durston,wdurston3z@huffingtonpost.com,Male,106.68.85.144,94 Northland Center
145,Katrinka,Horrod,khorrod40@europa.eu,Female,52.111.17.122,879 Ryan Way
146,Dominga,Peach,dpeach41@sbwire.com,Female,161.48.0.41,2282 Merchant Drive
147,Matthiew,McVitie,mmcvitie42@archive.org,Male,120.46.162.237,194 Twin Pines Junction
148,Adham,MacAlpine,amacalpine43@walmart.com,Male,95.58.196.191,6703 Golden Leaf Trail
149,Miguel,Leafe,mleafe44@state.gov,Male,40.19.119.139,80 Scott Place
150,Itch,Drabble,idrabble45@si.edu,Male,234.241.50.127,97 Westridge Road
151,Daphna,Iacovolo,diacovolo46@issuu.com,Female,4.162.217.178,0 Mayer Lane
152,Julie,Aplin,japlin47@tiny.cc,Male,59.152.133.135,088 Fallview Plaza
153,Maurizio,De Caroli,mdecaroli48@stumbleupon.com,Male,84.108.23.165,828 Cottonwood Hill
154,Templeton,Scott,tscott49@artisteer.com,Male,177.141.2.223,07 Michigan Drive
155,Michelle,Follett,mfollett4a@wikipedia.org,Female,136.153.83.1,83023 Porter Circle
156,Vita,Succamore,vsuccamore4b@storify.com,Female,77.133.119.226,73 Dixon Trail
157,Jon,Demogeot,jdemogeot4c@marriott.com,Male,4.62.105.13,22 Southridge Center
158,Paulie,Maskrey,pmaskrey4d@usnews.com,Female,105.182.221.82,068 Longview Trail
159,Cherin,Loudiane,cloudiane4e@un.org,Female,199.12.21.152,1588 Gulseth Lane
160,Gardner,Thouless,gthouless4f@naver.com,Male,121.244.139.197,89027 Hermina Crossing
161,Waldemar,Charkham,wcharkham4g@mail.ru,Male,118.186.188.12,508 Meadow Valley Crossing
162,Shae,Mackstead,smackstead4h@seattletimes.com,Female,184.21.217.18,78 Village Way
163,Eleonora,Sowter,esowter4i@over-blog.com,Female,183.0.100.154,16 Corry Street
164,Chelsie,Walsh,cwalsh4j@earthlink.net,Female,240.248.133.182,071 Ridge Oak Crossing
165,Odelinda,O'Fielly,oofielly4k@cnet.com,Female,110.142.36.22,0715 Grover Court
166,Lanna,Winch,lwinch4l@dropbox.com,Female,107.68.209.166,62 Twin Pines Park
167,Sansone,Isack,sisack4m@myspace.com,Male,111.133.111.237,5 Knutson Way
168,Igor,Knotton,iknotton4n@bravesites.com,Genderqueer,82.196.121.161,72 Harper Place
169,Katti,Vautre,kvautre4o@zimbio.com,Female,158.182.199.192,37308 Pierstorff Way
170,Mollie,Dunge,mdunge4p@sogou.com,Polygender,175.163.7.178,6 Toban Plaza
171,Susette,Lilian,slilian4q@hatena.ne.jp,Female,197.4.3.216,58 Golden Leaf Plaza
172,Misha,Malyon,mmalyon4r@skyrock.com,Female,208.40.65.189,68993 Sullivan Center
173,Kennan,Bazely,kbazely4s@constantcontact.com,Agender,211.35.201.102,986 Twin Pines Parkway
174,Raffaello,Snashall,rsnashall4t@ihg.com,Male,102.94.44.34,69 Brentwood Place
175,Mallory,Soggee,msoggee4u@goodreads.com,Female,187.35.248.62,714 Bashford Alley
176,Nissie,Sixsmith,nsixsmith4v@macromedia.com,Female,159.188.116.230,5 Thompson Park
177,Clint,Brewood,cbrewood4w@example.com,Male,156.113.20.191,989 Armistice Center
178,Mercie,McGraw,mmcgraw4x@sciencedirect.com,Female,127.146.144.128,011 Pierstorff Terrace
179,Dal,Crisell,dcrisell4y@bbc.co.uk,Polygender,18.202.195.88,641 Twin Pines Trail
180,Allan,Jefferson,ajefferson4z@hp.com,Male,15.57.89.15,0 6th Way
181,Mohandis,Adamiec,madamiec50@jugem.jp,Male,77.186.99.151,4 Sachtjen Hill
182,Thia,Aleavy,taleavy51@microsoft.com,Genderqueer,25.37.133.236,2 Farragut Pass
183,Cletus,Batey,cbatey52@squidoo.com,Agender,253.2.7.230,41254 Stuart Place
184,Pippo,Halsho,phalsho53@canalblog.com,Male,232.97.3.66,7 Linden Point
185,Orrin,Fitzsimmons,ofitzsimmons54@geocities.com,Male,218.75.248.173,98 Wayridge Circle
186,Bren,Lorryman,blorryman55@so-net.ne.jp,Male,200.92.38.91,1 Main Center
187,Garland,Terzi,gterzi56@a8.net,Female,114.219.104.109,914 Bonner Avenue
188,Kippie,Alliot,kalliot57@fda.gov,Female,55.47.20.44,03 Judy Way
189,Agnola,Bianco,abianco58@arstechnica.com,Female,189.250.46.54,209 Kenwood Trail
190,Vlad,Barchrameev,vbarchrameev59@statcounter.com,Male,178.141.18.227,8 Golf Course Parkway
191,Isaiah,Hawkings,ihawkings5a@tiny.cc,Bigender,98.117.223.9,7035 Green Point
192,Jacklyn,Styles,jstyles5b@amazon.co.jp,Female,152.73.111.46,6042 Rockefeller Center
193,Addy,Dybell,adybell5c@sbwire.com,Male,93.241.30.8,18 Esch Way
194,Anjela,Hadland,ahadland5d@hubpages.com,Female,167.236.203.232,3724 American Ash Circle
195,Mandie,Strooband,mstrooband5e@icq.com,Female,115.111.3.135,283 Scofield Point
196,Lebbie,Espy,lespy5f@parallels.com,Female,0.83.58.27,1 Drewry Crossing
197,Reagan,Rosenblatt,rrosenblatt5g@w3.org,Male,98.75.210.66,328 Pawling Crossing
198,Sascha,Frie,sfrie5h@hubpages.com,Male,194.192.245.204,6902 Del Mar Lane
199,Consolata,Mulleary,cmulleary5i@flavors.me,Female,82.145.230.139,2306 Milwaukee Avenue
200,Justus,Michurin,jmichurin5j@live.com,Male,24.37.150.102,17775 Petterle Way
201,Jackie,Rolley,jrolley5k@imgur.com,Male,102.242.128.189,4 Buhler Pass
202,Tobias,Heckle,theckle5l@smh.com.au,Male,216.61.76.81,043 Lakewood Gardens Hill
203,Jobi,Davidman,jdavidman5m@freewebs.com,Female,39.101.154.51,7 La Follette Point
204,Davida,Elletson,delletson5n@chronoengine.com,Female,234.203.49.202,319 Sundown Crossing
205,Kellby,Innott,kinnott5o@ft.com,Male,209.64.153.0,503 Crescent Oaks Terrace
206,Kristofor,Postans,kpostans5p@reuters.com,Male,147.115.73.42,2 Tennyson Pass
207,Stanfield,Goff,sgoff5q@jigsy.com,Male,244.243.84.38,077 Service Plaza
208,Moritz,Ryde,mryde5r@noaa.gov,Male,115.9.5.45,811 Morningstar Circle
209,Koralle,De Pietri,kdepietri5s@marriott.com,Female,30.185.249.143,6549 Iowa Avenue
210,Ann,Loveard,aloveard5t@spotify.com,Female,29.84.207.209,7084 Hermina Parkway
211,Devan,Wyant,dwyant5u@home.pl,Female,183.124.37.63,9 Monica Way
212,Prent,Keightley,pkeightley5v@miitbeian.gov.cn,Male,159.55.77.241,912 Fairfield Crossing
213,Kennie,Berthelmot,kberthelmot5w@twitpic.com,Male,97.161.132.220,84 Talisman Trail
214,Gherardo,Norssister,gnorssister5x@behance.net,Male,85.118.177.137,7 Stoughton Court
215,Port,Leveridge,pleveridge5y@istockphoto.com,Male,190.155.203.211,7097 Linden Avenue
216,Alic,Skelhorn,askelhorn5z@chicagotribune.com,Male,76.182.28.76,40 Dexter Drive
217,Mickey,Bransom,mbransom60@omniture.com,Male,202.138.212.116,598 Nova Parkway
218,Kimbra,Roads,kroads61@loc.gov,Female,235.29.117.159,02 Chive Terrace
219,Quinn,Lipman,qlipman62@nps.gov,Genderfluid,208.146.169.57,69232 Ohio Pass
220,Zackariah,Lagde,zlagde63@creativecommons.org,Male,20.253.111.141,24 Duke Pass
221,Peg,Hefferan,phefferan64@google.ca,Female,23.120.72.20,55647 Rowland Parkway
222,Kent,Lohde,klohde65@theglobeandmail.com,Male,194.158.222.166,9682 Hayes Way
223,Von,Townsley,vtownsley66@google.cn,Male,56.113.33.38,923 Fordem Park
224,Brew,Garlicke,bgarlicke67@adobe.com,Male,45.211.20.40,5235 Union Plaza
225,Tabbitha,Swanson,tswanson68@xinhuanet.com,Genderqueer,167.108.227.137,051 Pankratz Way
226,Errol,Kettridge,ekettridge69@slate.com,Male,139.114.164.31,65 Division Road
227,Lana,McCardle,lmccardle6a@mayoclinic.com,Female,194.199.144.40,470 Hintze Drive
228,Venus,Sterte,vsterte6b@163.com,Female,54.109.114.72,17 Walton Lane
229,Sully,Cesconi,scesconi6c@army.mil,Male,217.163.62.180,2278 Novick Pass
230,Davidde,Aish,daish6d@china.com.cn,Male,15.147.35.62,02097 Claremont Avenue
231,Auguste,Coytes,acoytes6e@networkadvertising.org,Female,199.147.6.4,3518 Dakota Way
232,Nadean,Viveash,nviveash6f@spotify.com,Agender,185.142.31.211,8446 Hoard Pass
233,Addy,Kelberer,akelberer6g@quantcast.com,Female,210.161.27.120,625 Talisman Place
234,Calida,Eicheler,ceicheler6h@narod.ru,Polygender,214.208.16.54,2860 Arizona Alley
235,Danyette,Lunbech,dlunbech6i@rakuten.co.jp,Female,241.42.128.173,1 Judy Street
236,Willie,Vanin,wvanin6j@webnode.com,Male,201.50.83.164,09 Ilene Parkway
237,Elliot,Binney,ebinney6k@foxnews.com,Male,194.176.233.242,1833 Dennis Road
238,Gipsy,Coope,gcoope6l@photobucket.com,Female,66.99.147.218,77 Anderson Avenue
239,Elbert,Nieass,enieass6m@microsoft.com,Male,130.123.23.3,6 Twin Pines Avenue
240,Yalonda,Aplin,yaplin6n@prnewswire.com,Female,42.0.209.126,3 Hudson Hill
241,Kerk,Lavin,klavin6o@cam.ac.uk,Male,237.138.79.115,19470 Manley Way
242,Jock,Weatherhogg,jweatherhogg6p@vinaora.com,Male,18.67.74.80,54079 Grasskamp Parkway
243,Carling,Kitchenham,ckitchenham6q@examiner.com,Non-binary,166.176.79.123,616 Clyde Gallagher Place
244,Peta,Franzewitch,pfranzewitch6r@elegantthemes.com,Female,172.67.87.50,8586 Dovetail Road
245,Gabbi,Jovic,gjovic6s@hp.com,Female,227.56.104.171,93222 Cambridge Hill
246,Aeriell,Posselt,aposselt6t@thetimes.co.uk,Non-binary,17.67.145.86,2578 Canary Road
247,Anjela,Bottelstone,abottelstone6u@woothemes.com,Agender,189.201.173.117,015 Moose Court
248,Darsey,Tabard,dtabard6v@ameblo.jp,Female,130.252.191.66,5 Sycamore Junction
249,Bert,Basindale,bbasindale6w@china.com.cn,Genderqueer,18.239.249.90,26548 Bultman Center
250,Karita,Pellew,kpellew6x@unicef.org,Female,50.81.8.202,052 Huxley Lane
251,Gabi,Tenaunt,gtenaunt6y@imdb.com,Male,189.55.17.144,4 Mandrake Trail
252,Lea,Harpham,lharpham6z@wufoo.com,Bigender,169.203.225.100,1569 Summerview Pass
253,Mada,Murton,mmurton70@tiny.cc,Female,215.61.173.190,3 Oak Crossing
254,Griffith,Meddemmen,gmeddemmen71@furl.net,Male,10.180.90.208,9 Northport Hill
255,Dukie,Gavagan,dgavagan72@cmu.edu,Male,209.73.145.206,1227 Green Place
256,Miguel,Peachey,mpeachey73@usa.gov,Male,144.31.250.237,3 Graceland Avenue
257,Krystalle,Giorgeschi,kgiorgeschi74@reuters.com,Female,223.147.179.14,1646 Cascade Junction
258,Petronilla,Battey,pbattey75@moonfruit.com,Female,251.205.200.45,16 Claremont Center
259,Carin,Langstone,clangstone76@hibu.com,Female,61.92.213.4,79478 Lyons Point
260,Esteban,Laslett,elaslett77@google.it,Male,144.102.27.169,79573 Continental Center
261,Ilyse,Dawidowsky,idawidowsky78@wired.com,Female,152.186.37.233,8879 Crowley Trail
262,Sherri,Laxston,slaxston79@sfgate.com,Genderqueer,21.17.103.142,92884 Schurz Junction
263,Trueman,Clears,tclears7a@netscape.com,Male,157.224.8.154,020 Johnson Circle
264,Matthew,Paviour,mpaviour7b@dagondesign.com,Male,182.240.181.97,2876 Ridge Oak Pass
265,Nev,Darracott,ndarracott7c@bluehost.com,Male,240.75.133.241,160 Northport Circle
266,Fitz,Boulder,fboulder7d@fastcompany.com,Male,13.36.43.162,308 Arapahoe Crossing
267,Adriano,Pagon,apagon7e@wikipedia.org,Male,3.116.54.4,6103 Fairview Trail
268,Zedekiah,Colloby,zcolloby7f@adobe.com,Male,188.221.23.85,69 Knutson Lane
269,Ado,Helis,ahelis7g@ebay.com,Male,5.177.246.34,75501 Chinook Junction
270,Aggie,Camus,acamus7h@timesonline.co.uk,Genderfluid,125.13.19.5,0903 Elka Center
271,Constanta,Pratty,cpratty7i@time.com,Female,245.135.204.239,6938 Comanche Plaza
272,Whitney,McGeady,wmcgeady7j@furl.net,Male,240.17.123.217,62 Atwood Place
273,Alameda,MacRanald,amacranald7k@wp.com,Female,154.62.76.42,0 Pierstorff Plaza
274,Lesya,McCloughlin,lmccloughlin7l@godaddy.com,Female,69.89.20.82,90 Eliot Crossing
275,Martha,de Werk,mdewerk7m@berkeley.edu,Female,219.209.33.188,045 Caliangt Junction
276,Donia,Sefton,dsefton7n@pagesperso-orange.fr,Female,49.234.158.80,073 Burrows Center
277,Nannie,Edens,nedens7o@purevolume.com,Female,17.78.251.144,44 Bayside Crossing
278,Raine,Shaefer,rshaefer7p@salon.com,Polygender,190.67.126.135,33 Barby Junction
279,Henrietta,Packer,hpacker7q@ifeng.com,Female,231.10.248.65,3228 Jana Point
280,Waylen,Main,wmain7r@cnbc.com,Male,155.109.104.149,5 Grayhawk Road
281,Marijo,De Filippis,mdefilippis7s@prnewswire.com,Female,94.235.175.253,3391 Scott Crossing
282,Timotheus,Whyley,twhyley7t@wix.com,Male,9.26.72.123,5 Dovetail Junction
283,Silvia,Normant,snormant7u@howstuffworks.com,Female,191.64.220.48,523 Aberg Junction
284,Pedro,Shier,pshier7v@pen.io,Male,248.80.206.132,0 Logan Circle
285,Drusie,Fancy,dfancy7w@people.com.cn,Female,32.173.10.171,28 Eastlawn Point
286,Helenelizabeth,Spaunton,hspaunton7x@jugem.jp,Female,243.182.74.62,0697 Hooker Avenue
287,Hunfredo,Maceur,hmaceur7y@amazon.com,Male,139.220.101.60,78694 Moland Avenue
288,Stavros,Heakey,sheakey7z@seattletimes.com,Male,62.211.53.177,67273 Wayridge Street
289,Guy,Stolte,gstolte80@telegraph.co.uk,Male,85.32.102.119,38532 Thompson Road
290,Elnore,D'Agostini,edagostini81@slate.com,Female,202.69.66.225,2669 Swallow Avenue
291,Dilan,Brosini,dbrosini82@shop-pro.jp,Male,2.162.161.155,55831 Debs Court
292,Raleigh,Guise,rguise83@netlog.com,Male,27.191.120.85,5 Hoard Hill
293,Fraze,Pelchat,fpelchat84@ehow.com,Genderqueer,135.194.115.128,0 Tennyson Park
294,Davine,Heinl,dheinl85@artisteer.com,Female,123.188.100.28,78 Kim Point
295,Cesya,Rizzini,crizzini86@linkedin.com,Female,47.204.8.23,9 Trailsway Junction
296,Wake,Geany,wgeany87@digg.com,Male,99.123.133.221,4642 Warrior Point
297,Jackie,Rawstron,jrawstron88@samsung.com,Male,191.197.87.184,9173 Shopko Circle
298,Sergent,Hayto,shayto89@omniture.com,Male,86.56.172.30,9635 Mitchell Street
299,Laureen,Cancellieri,lcancellieri8a@samsung.com,Female,241.80.195.180,8347 Manitowish Road
300,Dag,Bouch,dbouch8b@businessinsider.com,Male,101.204.192.31,5 Anniversary Street
301,Parrnell,Townley,ptownley8c@si.edu,Male,129.166.148.207,91 Goodland Lane
302,Tiffany,Keeley,tkeeley8d@posterous.com,Female,47.113.218.90,99706 Morningstar Center
303,Shepperd,Challener,schallener8e@mysql.com,Male,115.231.205.235,763 Monterey Trail
304,Lorrayne,Hick,lhick8f@e-recht24.de,Female,0.60.122.251,888 Loftsgordon Street
305,Kelila,Holborn,kholborn8g@ox.ac.uk,Female,69.32.177.213,633 Washington Circle
306,Ardine,Scullion,ascullion8h@cyberchimps.com,Female,113.67.130.114,5 1st Junction
307,Whitman,Matuschek,wmatuschek8i@deviantart.com,Male,60.215.140.124,6 Burning Wood Crossing
308,Di,Sextie,dsextie8j@angelfire.com,Female,173.152.93.41,7187 Arrowood Park
309,Sid,Welch,swelch8k@jiathis.com,Agender,82.116.220.229,166 Birchwood Way
310,Lily,Beecroft,lbeecroft8l@pbs.org,Female,242.103.142.53,48669 Esker Alley
311,Virgil,Harback,vharback8m@chronoengine.com,Male,14.172.231.137,99 Armistice Road
312,Ardys,Laetham,alaetham8n@princeton.edu,Female,27.101.248.130,208 Roxbury Park
313,Siusan,Franey,sfraney8o@topsy.com,Female,235.105.161.201,43438 Knutson Park
314,Judie,Iuorio,jiuorio8p@arstechnica.com,Female,161.212.86.115,5 Michigan Plaza
315,Alvira,Goodding,agoodding8q@statcounter.com,Female,200.238.3.235,9 Birchwood Way
316,Allie,Windrus,awindrus8r@netvibes.com,Male,228.14.78.21,67126 Briar Crest Junction
317,Trix,Inchboard,tinchboard8s@cornell.edu,Female,110.27.249.133,4 Thackeray Alley
318,Nils,Payn,npayn8t@youku.com,Male,164.96.17.34,4128 Southridge Point
319,Iver,Blennerhassett,iblennerhassett8u@fotki.com,Non-binary,137.78.145.119,065 Brickson Park Junction
320,Annnora,Peagram,apeagram8v@myspace.com,Female,206.76.108.200,04 Eastlawn Terrace
321,Salomone,Gurge,sgurge8w@homestead.com,Male,129.76.126.212,27 Grim Hill
322,Arvin,Bolesworth,abolesworth8x@yolasite.com,Male,134.76.162.70,3 Esker Trail
323,Hortensia,Flieger,hflieger8y@ask.com,Female,225.40.62.29,855 Dryden Center
324,Norrie,Goreisr,ngoreisr8z@epa.gov,Male,217.87.169.58,49620 Beilfuss Plaza
325,Cinnamon,Caroll,ccaroll90@google.nl,Female,41.7.83.40,73 Nelson Road
326,Curry,Ozelton,cozelton91@google.com.br,Male,110.248.193.193,9 Mcguire Point
327,Christen,Scriviner,cscriviner92@themeforest.net,Female,69.115.124.94,32023 Ramsey Circle
328,Gratia,Dunphie,gdunphie93@flavors.me,Female,109.175.64.165,8602 Village Road
329,Barbabra,Ellerey,bellerey94@acquirethisname.com,Female,48.182.123.28,4 Hoard Plaza
330,Devlen,Maddinon,dmaddinon95@infoseek.co.jp,Male,65.202.229.202,3 Monterey Trail
331,Damara,McGilleghole,dmcgilleghole96@sciencedaily.com,Non-binary,74.151.6.106,6 Springs Street
332,Lorettalorna,Greenleaf,lgreenleaf97@indiatimes.com,Female,46.40.194.189,888 Melby Road
333,Adolpho,Greest,agreest98@liveinternet.ru,Non-binary,2.173.182.186,946 Autumn Leaf Alley
334,Randolf,Boswood,rboswood99@tinyurl.com,Male,40.183.17.197,82 Meadow Ridge Plaza
335,Herculie,Woods,hwoods9a@nhs.uk,Male,179.106.140.155,15884 Corry Way
336,Charlie,Wilfling,cwilfling9b@tiny.cc,Male,86.187.98.21,4550 Weeping Birch Point
337,Hilliard,Uzzell,huzzell9c@studiopress.com,Male,221.123.85.133,67315 Cardinal Point
338,Eldin,Lanfere,elanfere9d@nhs.uk,Male,58.130.138.140,99 Utah Street
339,Carlyle,Maides,cmaides9e@toplist.cz,Male,233.121.243.201,8926 Arapahoe Avenue
340,Jackson,Conre,jconre9f@smugmug.com,Male,179.167.13.69,8 Dorton Alley
341,Kit,Seifenmacher,kseifenmacher9g@cpanel.net,Female,71.55.141.236,230 Rigney Street
342,Berky,Arnholdt,barnholdt9h@ibm.com,Male,112.25.248.75,86 Basil Parkway
343,Edeline,MacKereth,emackereth9i@issuu.com,Female,159.141.2.74,91 Rockefeller Crossing
344,Adora,Barrack,abarrack9j@bandcamp.com,Female,112.167.118.22,9321 Maple Wood Plaza
345,Dion,Phythian,dphythian9k@washington.edu,Male,4.218.172.230,52 Gerald Drive
346,Balduin,Keppin,bkeppin9l@squarespace.com,Male,118.58.93.145,2415 Elgar Place
347,Clevey,Cardillo,ccardillo9m@goo.gl,Male,99.54.243.180,206 Crownhardt Road
348,Raymond,de Clerq,rdeclerq9n@paypal.com,Genderqueer,180.24.27.120,32220 Towne Pass
349,Gary,Foystone,gfoystone9o@stumbleupon.com,Male,111.215.32.72,01 Redwing Terrace
350,Hamish,Hardbattle,hhardbattle9p@mtv.com,Male,80.229.227.195,80 Elgar Avenue
351,Amye,Haryngton,aharyngton9q@goo.ne.jp,Female,91.34.185.219,2912 Warrior Point
352,Michaela,Flips,mflips9r@disqus.com,Female,211.229.238.106,7236 Forest Parkway
353,Emlen,Targett,etargett9s@squidoo.com,Male,38.73.226.153,793 Truax Way
354,Neala,Pitkeathley,npitkeathley9t@skyrock.com,Female,116.133.212.21,9 Randy Terrace
355,Dall,Hartright,dhartright9u@ameblo.jp,Male,37.146.30.204,8122 Mcguire Pass
356,Yancy,Camier,ycamier9v@shop-pro.jp,Male,66.172.234.231,01953 La Follette Alley
357,Isidore,Pogue,ipogue9w@cam.ac.uk,Male,191.198.252.229,43 Maryland Alley
358,Aurea,Soggee,asoggee9x@usgs.gov,Female,24.65.120.207,7 Muir Park
359,Nelli,Tschursch,ntschursch9y@mayoclinic.com,Genderfluid,198.188.97.240,755 Rieder Plaza
360,Nickolai,Clunan,nclunan9z@nytimes.com,Male,109.194.128.140,3297 Helena Junction
361,Eve,Malpas,emalpasa0@jugem.jp,Female,174.166.184.82,65016 Fordem Terrace
362,Hurleigh,Mardling,hmardlinga1@jigsy.com,Male,194.21.105.109,919 Tennyson Circle
363,Mellisa,Bulman,mbulmana2@devhub.com,Female,185.119.3.9,2 Reinke Alley
364,Godart,Burmingham,gburminghama3@imageshack.us,Male,58.241.185.152,8034 Sundown Circle
365,Lauryn,Miell,lmiella4@tinyurl.com,Female,126.87.226.245,59349 Maryland Road
366,Richard,Rowledge,rrowledgea5@goodreads.com,Male,59.46.215.116,92577 American Junction
367,Connor,Gulliver,cgullivera6@sciencedirect.com,Genderqueer,51.6.119.39,41 John Wall Junction
368,Lauree,Busain,lbusaina7@umich.edu,Female,246.11.79.182,08324 Twin Pines Plaza
369,Paddie,MacMenamin,pmacmenamina8@house.gov,Polygender,36.84.83.16,21 Karstens Junction
370,Jodi,Hoxey,jhoxeya9@surveymonkey.com,Female,117.138.210.115,0 Dakota Avenue
371,Hillary,Garroway,hgarrowayaa@google.it,Female,176.230.46.86,570 Lighthouse Bay Parkway
372,Ruthann,Clifft,rclifftab@reference.com,Genderqueer,9.202.44.165,73 Charing Cross Terrace
373,Jermain,Herche,jhercheac@nsw.gov.au,Male,184.109.238.184,6 Gateway Street
374,Ola,Doherty,odohertyad@ft.com,Female,67.59.2.248,754 Spohn Court
375,Emelen,Chalke,echalkeae@examiner.com,Male,135.73.46.18,97 Canary Alley
376,Morgana,Vennard,mvennardaf@senate.gov,Female,241.10.35.99,3 Eastlawn Trail
377,Armin,Krahl,akrahlag@ibm.com,Male,171.94.116.212,4 Northland Park
378,Tracie,Van de Velde,tvandeveldeah@chron.com,Male,122.26.221.203,987 Darwin Court
379,Jody,Gronaver,jgronaverai@newsvine.com,Genderfluid,253.242.155.115,551 School Crossing
380,Valera,Trousdale,vtrousdaleaj@tmall.com,Female,41.230.217.22,695 Upham Plaza
381,Glyn,Gotfrey,ggotfreyak@elpais.com,Male,9.65.246.70,4 Anzinger Alley
382,Alejoa,Amys,aamysal@google.com.hk,Non-binary,44.41.18.251,86804 Spohn Street
383,Kent,Jeffcoat,kjeffcoatam@imdb.com,Genderfluid,34.124.222.208,380 Meadow Vale Plaza
384,Halli,Olczak,holczakan@disqus.com,Female,9.45.89.180,4 Center Lane
385,Paulo,Rubbens,prubbensao@mac.com,Male,57.225.143.128,30605 Anzinger Way
386,Iris,Castangia,icastangiaap@skyrock.com,Female,2.61.127.44,17 Londonderry Court
387,Bibbye,Antoni,bantoniaq@studiopress.com,Female,76.247.248.238,61 Mendota Parkway
388,Nefen,Armit,narmitar@spotify.com,Male,209.234.50.188,3947 Holy Cross Terrace
389,Seka,O' Molan,somolanas@naver.com,Female,103.34.37.227,14483 Fairfield Avenue
390,Lynsey,Challinor,lchallinorat@ft.com,Female,138.177.64.183,93174 Mockingbird Way
391,Edgar,Quigg,equiggau@nba.com,Male,113.31.105.32,67 Glendale Way
392,Ann-marie,Kobus,akobusav@xrea.com,Female,165.96.175.252,14566 Arkansas Center
393,Halette,Corby,hcorbyaw@a8.net,Female,187.56.129.200,97 Butterfield Crossing
394,Cahra,Fernao,cfernaoax@telegraph.co.uk,Female,226.41.11.3,66 Scott Circle
395,Wynn,Nottingham,wnottinghamay@comsenz.com,Female,210.251.202.155,2381 Summerview Way
396,Jodie,Stolli,jstolliaz@sun.com,Female,230.47.107.248,5837 Killdeer Crossing
397,Roddy,Minocchi,rminocchib0@pagesperso-orange.fr,Male,232.25.39.138,5 Schmedeman Plaza
398,Frederik,Pavia,fpaviab1@disqus.com,Male,215.57.86.132,55698 Fairfield Alley
399,Kimberlee,Gerdes,kgerdesb2@elpais.com,Female,170.161.228.123,89 Alpine Circle
400,Wyatan,Gare,wgareb3@foxnews.com,Male,24.122.57.25,1699 Bowman Terrace
401,Fleurette,Grube,fgrubeb4@cargocollective.com,Female,81.210.185.89,34315 Karstens Court
402,Coleman,Barlee,cbarleeb5@stanford.edu,Male,233.130.45.46,9084 Farwell Street
403,Doug,Bartunek,dbartunekb6@mit.edu,Male,72.146.199.41,9 Express Plaza
404,Reyna,Kinnane,rkinnaneb7@state.gov,Female,31.173.222.223,1 Mayfield Parkway
405,Rockey,Eeles,reelesb8@examiner.com,Male,139.61.142.148,0 Barnett Crossing
406,Adella,Glassard,aglassardb9@google.com.br,Female,87.100.161.101,848 Cherokee Terrace
407,Cordy,Maggi,cmaggiba@free.fr,Female,4.173.93.39,25 Kropf Pass
408,Fianna,Casey,fcaseybb@blinklist.com,Female,203.221.57.246,1584 Kim Place
409,Karia,Poncet,kponcetbc@nasa.gov,Female,146.192.240.3,158 Pearson Way
410,Tonnie,Neller,tnellerbd@ebay.com,Male,65.186.83.14,0258 Union Junction
411,Debera,Pittford,dpittfordbe@arizona.edu,Female,44.33.221.242,72 Fieldstone Trail
412,Lettie,Dockrill,ldockrillbf@auda.org.au,Genderfluid,49.160.120.51,81 Nobel Street
413,Jenni,McIlrath,jmcilrathbg@addthis.com,Polygender,105.204.18.85,2 Manley Point
414,Shane,Frake,sfrakebh@51.la,Male,20.155.33.228,03562 Kropf Road
415,Kennedy,Glancey,kglanceybi@friendfeed.com,Male,143.9.42.35,5763 La Follette Point
416,Hanson,Fylan,hfylanbj@cbsnews.com,Male,102.220.125.161,625 Moulton Street
417,Rennie,Radborne,rradbornebk@berkeley.edu,Female,26.71.153.138,31852 Mccormick Alley
418,Jaimie,Caulket,jcaulketbl@google.com.hk,Female,66.124.111.59,65 Debs Junction
419,Tan,Stetlye,tstetlyebm@feedburner.com,Male,80.168.53.197,07576 Montana Park
420,Noe,Colin,ncolinbn@qq.com,Male,174.33.39.85,11573 Fordem Drive
421,Garey,Worster,gworsterbo@addthis.com,Male,72.49.134.75,33 Lake View Center
422,Mariellen,Goodyear,mgoodyearbp@abc.net.au,Female,116.202.162.132,6 Petterle Hill
423,Jerald,Goulbourn,jgoulbournbq@nytimes.com,Male,239.88.191.146,9 Pawling Park
424,Brion,Crosse,bcrossebr@nature.com,Male,6.69.18.156,5077 Heffernan Drive
425,Danya,Flood,dfloodbs@ca.gov,Male,68.117.155.59,18076 Dapin Hill
426,Hendrik,Filipponi,hfilipponibt@meetup.com,Male,44.84.210.196,9 Redwing Circle
427,Karry,Hardin,khardinbu@paypal.com,Female,101.141.252.15,35 Buell Hill
428,Hewet,MacLardie,hmaclardiebv@slideshare.net,Male,232.190.250.195,95 Weeping Birch Way
429,Megan,Bachmann,mbachmannbw@blogspot.com,Female,26.2.123.206,403 Monica Circle
430,Kristina,O'Meara,komearabx@redcross.org,Female,74.17.27.249,1 Stoughton Avenue
431,Grannie,Crepin,gcrepinby@slideshare.net,Male,50.54.135.152,3 Kings Court
432,Lombard,Morford,lmorfordbz@stumbleupon.com,Male,211.123.47.9,22 Chive Park
433,Oneida,Woodhall,owoodhallc0@csmonitor.com,Female,223.122.76.44,54142 Washington Pass
434,Darnell,Waterhous,dwaterhousc1@nps.gov,Male,52.17.160.8,4 Sage Street
435,Parker,Leftly,pleftlyc2@simplemachines.org,Male,155.203.214.66,63258 Columbus Court
436,Cassandry,Habishaw,chabishawc3@fastcompany.com,Female,81.192.174.83,686 Rutledge Drive
437,Cordell,Grahame,cgrahamec4@wiley.com,Male,115.96.204.11,9 Sunfield Hill
438,Yulma,Markwell,ymarkwellc5@army.mil,Male,45.135.90.196,9099 Lotheville Trail
439,Neall,Keuntje,nkeuntjec6@amazon.de,Male,199.51.70.189,4178 Tennessee Lane
440,Theodore,Slack,tslackc7@arizona.edu,Male,98.250.118.197,62863 Sommers Circle
441,Agna,McBean,amcbeanc8@who.int,Female,148.177.255.49,860 Mayfield Trail
442,Fawne,Moran,fmoranc9@prnewswire.com,Female,91.120.53.194,0 Westridge Junction
443,Osborne,Penhallurick,openhallurickca@nsw.gov.au,Male,184.240.123.82,67 Susan Lane
444,Brenna,Bowland,bbowlandcb@feedburner.com,Female,74.4.211.163,33 Beilfuss Place
445,Ofilia,Freschi,ofreschicc@pen.io,Female,161.128.63.186,248 Hazelcrest Lane
446,Cindi,Haggleton,chaggletoncd@ycombinator.com,Female,23.150.27.217,60795 Sutteridge Place
447,Roxi,Gott,rgottce@unicef.org,Female,123.195.87.25,73 Hansons Pass
448,Christoph,Knock,cknockcf@addtoany.com,Male,100.205.123.98,12 Sage Road
449,Kyle,Dhennin,kdhennincg@behance.net,Female,99.163.183.59,9150 Coleman Plaza
450,Gladys,Southwell,gsouthwellch@scribd.com,Genderfluid,32.132.127.105,1 Derek Crossing
451,Lila,Godfray,lgodfrayci@wisc.edu,Female,29.59.249.98,05 Onsgard Plaza
452,Burl,Harrild,bharrildcj@creativecommons.org,Male,64.27.165.188,38 Lyons Center
453,Dian,Wimpenny,dwimpennyck@squidoo.com,Female,103.204.197.123,579 Larry Court
454,Melodee,Matton,mmattoncl@hud.gov,Female,123.119.161.67,2195 Wayridge Trail
455,Glynis,Biskupiak,gbiskupiakcm@fotki.com,Female,188.200.150.0,45 Crest Line Parkway
456,Hertha,Paffot,hpaffotcn@reddit.com,Female,207.224.111.251,08 Bayside Plaza
457,Dre,Threadgold,dthreadgoldco@zimbio.com,Female,140.45.51.238,9 Rowland Way
458,Shena,Heugle,sheuglecp@google.com,Female,210.223.199.50,5816 American Ash Circle
459,Nomi,Dobrowlski,ndobrowlskicq@blog.com,Female,146.83.111.21,213 Vidon Parkway
460,Sarette,Peare,spearecr@blogger.com,Female,78.246.203.194,61 Hanover Circle
461,Brantley,Messam,bmessamcs@sun.com,Male,158.241.55.200,6 Kensington Alley
462,Cacilia,Cisneros,ccisnerosct@freewebs.com,Female,204.218.205.210,0 Orin Junction
463,Brittani,De Avenell,bdeavenellcu@who.int,Female,48.31.188.97,3316 New Castle Pass
464,Maressa,Stockings,mstockingscv@stanford.edu,Female,231.30.82.171,8 Haas Court
465,Winne,Burdikin,wburdikincw@youtube.com,Female,158.45.187.94,8 Coolidge Point
466,Joel,Feyer,jfeyercx@histats.com,Agender,244.124.212.163,843 1st Drive
467,Serge,Stuchberry,sstuchberrycy@cnbc.com,Polygender,56.113.24.21,6 Northport Trail
468,Vivianne,Kiernan,vkiernancz@gnu.org,Female,137.116.130.225,22 Melvin Crossing
469,Seward,Folker,sfolkerd0@youku.com,Male,208.209.154.83,9818 Morningstar Hill
470,Lauri,Viste,lvisted1@merriam-webster.com,Female,98.220.215.46,9291 Crescent Oaks Pass
471,Christan,Lowensohn,clowensohnd2@instagram.com,Female,175.37.59.42,83238 Aberg Park
472,Christopher,Wensley,cwensleyd3@usa.gov,Male,74.169.52.137,2733 2nd Trail
473,Marja,Heeley,mheeleyd4@oracle.com,Female,97.180.202.143,1104 Spaight Center
474,Loretta,Billingham,lbillinghamd5@fda.gov,Female,138.48.239.17,863 Fordem Point
475,Astra,Kean,akeand6@skype.com,Female,187.2.187.2,2383 School Plaza
476,Daffie,Giacaponi,dgiacaponid7@ucoz.ru,Female,252.200.16.237,7728 Columbus Way
477,Thea,Syce,tsyced8@blogspot.com,Female,225.51.67.132,7902 Melrose Court
478,Witty,Keemer,wkeemerd9@arstechnica.com,Male,12.21.105.255,0626 Prairie Rose Way
479,Ber,Ambrodi,bambrodida@stanford.edu,Male,15.222.38.157,8 Dwight Lane
480,Jewelle,Oakeby,joakebydb@engadget.com,Female,160.237.0.110,1 Straubel Plaza
481,Tanner,Dentith,tdentithdc@ow.ly,Male,255.105.161.34,50 7th Street
482,Issi,Smith,ismithdd@flickr.com,Female,241.33.65.167,2547 Killdeer Center
483,Geoffrey,Mollindinia,gmollindiniade@washington.edu,Male,151.47.217.77,9 Loftsgordon Junction
484,Marice,Solesbury,msolesburydf@slate.com,Female,201.250.230.145,40 Green Ridge Alley
485,Emogene,Scipsey,escipseydg@squidoo.com,Female,87.50.19.84,55794 Spaight Terrace
486,Rosalyn,O'Hartnedy,rohartnedydh@ox.ac.uk,Female,60.248.16.60,11899 Vernon Crossing
487,Dalenna,Blunsen,dblunsendi@nps.gov,Female,177.35.228.251,0 Randy Alley
488,Abe,Delf,adelfdj@cam.ac.uk,Male,67.121.198.56,640 Dwight Alley
489,Delaney,Hedderly,dhedderlydk@plala.or.jp,Male,56.116.140.245,5 Merchant Court
490,Marti,Derobert,mderobertdl@wikispaces.com,Female,159.141.38.73,1 Starling Drive
491,Bennie,Clemson,bclemsondm@ibm.com,Female,136.125.248.58,29 Hudson Pass
492,Dyna,Mandal,dmandaldn@4shared.com,Female,12.16.221.90,49398 Bobwhite Way
493,Tillie,Roblou,trobloudo@friendfeed.com,Female,179.191.158.29,5352 Buena Vista Way
494,Ellerey,Trematick,etrematickdp@qq.com,Male,43.96.224.164,0954 4th Circle
495,Ulick,Breydin,ubreydindq@merriam-webster.com,Male,129.116.215.129,85518 Sutherland Street
496,Toby,MacGillivrie,tmacgillivriedr@answers.com,Male,126.148.27.102,92251 Fremont Park
497,Corby,Busen,cbusends@merriam-webster.com,Male,81.99.6.56,8 Claremont Plaza
498,Ernesto,Ainslie,eainsliedt@ed.gov,Male,183.168.207.143,03 Golf Course Circle
499,Lianne,Sorensen,lsorensendu@privacy.gov.au,Female,106.39.47.221,206 Badeau Pass
500,Rozalin,Sample,rsampledv@disqus.com,Female,27.127.158.179,230 Tony Place
501,Aura,Rubinshtein,arubinshteindw@slashdot.org,Female,250.246.17.206,1181 Stuart Pass
502,Cari,Noblet,cnobletdx@shop-pro.jp,Female,120.224.219.110,898 Drewry Plaza
503,Nial,Breukelman,nbreukelmandy@virginia.edu,Male,129.143.124.222,77666 Gulseth Plaza
504,Kippy,Bernardelli,kbernardellidz@free.fr,Male,79.37.153.102,41 Anderson Court
505,Kayne,Daws,kdawse0@rediff.com,Male,128.43.8.137,3 Waywood Circle
506,Banky,Pharo,bpharoe1@desdev.cn,Male,239.248.40.167,241 Becker Lane
507,Pearce,Blencoe,pblencoee2@nih.gov,Male,203.65.112.226,83263 Corscot Center
508,Thelma,Godson,tgodsone3@skyrock.com,Female,113.155.44.19,66 Heath Junction
509,Fenelia,Nuemann,fnuemanne4@storify.com,Female,231.82.157.186,02 Dryden Point
510,Chanda,Goulborne,cgoulbornee5@amazon.co.jp,Female,240.56.78.72,2 Emmet Park
511,Faber,Orritt,forritte6@bravesites.com,Non-binary,176.217.54.140,66 American Ash Junction
512,Brendin,Chiechio,bchiechioe7@wired.com,Male,186.25.61.3,9442 Jenifer Plaza
513,Minetta,Etty,mettye8@webnode.com,Female,87.51.154.179,56 Manufacturers Trail
514,Imojean,Skally,iskallye9@dedecms.com,Female,169.217.99.81,5 Division Junction
515,Romola,Skettles,rskettlesea@mail.ru,Female,112.94.247.176,504 Charing Cross Junction
516,Fin,Blumfield,fblumfieldeb@digg.com,Male,94.206.45.168,02 Welch Alley
517,Griffin,Creenan,gcreenanec@xrea.com,Male,232.1.216.249,019 Warbler Avenue
518,Constanta,Adshead,cadsheaded@flavors.me,Non-binary,32.154.197.68,574 Arapahoe Lane
519,Gabbey,Parsisson,gparsissonee@amazonaws.com,Female,160.137.214.197,75764 Merry Parkway
520,Mariann,Escot,mescotef@samsung.com,Female,73.201.238.209,6504 Summerview Terrace
521,Kariotta,Goshawk,kgoshawkeg@sina.com.cn,Non-binary,91.67.160.94,51 Tennyson Circle
522,Tamera,Stobbart,tstobbarteh@ebay.co.uk,Female,181.93.28.36,2 Vermont Lane
523,Huberto,Bernth,hbernthei@pen.io,Male,168.49.161.0,1131 Portage Way
524,Carine,Standage,cstandageej@marketwatch.com,Female,166.60.105.230,5458 Clarendon Hill
525,Tammi,Warin,twarinek@prweb.com,Female,47.81.245.119,5 Huxley Junction
526,Ricca,Rogez,rrogezel@nih.gov,Female,30.42.0.97,3327 Clemons Street
527,Vittoria,Elvey,velveyem@fema.gov,Female,253.65.169.24,2623 Maryland Place
528,Marijn,Rustan,mrustanen@nhs.uk,Male,115.234.196.95,21 Loomis Place
529,Clementina,Tacon,ctaconeo@about.com,Female,118.64.101.254,85728 Shopko Court
530,Jamesy,Rochewell,jrochewellep@last.fm,Male,18.252.51.179,3 Alpine Terrace
531,Juana,Eaglen,jeagleneq@chicagotribune.com,Female,186.46.236.210,64301 Artisan Plaza
532,Bev,Huie,bhuieer@spotify.com,Female,198.118.111.180,6757 7th Drive
533,Ramon,Courtonne,rcourtonnees@tumblr.com,Male,103.112.89.112,1 Stang Park
534,Marna,Hearley,mhearleyet@godaddy.com,Female,204.11.199.17,8278 Clemons Center
535,Katrinka,Port,kporteu@creativecommons.org,Female,121.24.212.169,5 Debra Trail
536,Bess,Chiverton,bchivertonev@vistaprint.com,Female,56.178.239.51,5 Darwin Trail
537,Isidore,MacAne,imacaneew@instagram.com,Male,193.168.88.170,6 Nevada Park
538,Rutter,Marcoolyn,rmarcoolynex@histats.com,Male,246.170.178.105,5 Donald Drive
539,Bird,Presdee,bpresdeeey@prnewswire.com,Female,130.36.181.162,93167 Melody Junction
540,Olvan,Parvin,oparvinez@ebay.com,Male,213.38.123.22,2354 Crescent Oaks Lane
541,Rutherford,Gozney,rgozneyf0@techcrunch.com,Male,20.142.156.81,55120 Gerald Parkway
542,Mohandas,Drew-Clifton,mdrewcliftonf1@usa.gov,Bigender,51.94.37.31,23981 Carioca Parkway
543,Elbert,Renoden,erenodenf2@lycos.com,Bigender,140.153.177.156,546 Reinke Place
544,Carmella,Wing,cwingf3@google.co.uk,Female,197.125.158.90,2080 Delladonna Trail
545,Abbie,Verlinden,averlindenf4@pcworld.com,Male,248.184.111.10,21217 Meadow Vale Place
546,Meredeth,Gaukroger,mgaukrogerf5@gmpg.org,Male,228.14.44.62,52106 Lighthouse Bay Street
547,Anders,Weich,aweichf6@tripod.com,Male,226.71.166.93,787 Pankratz Way
548,Yvette,Faccini,yfaccinif7@microsoft.com,Female,208.179.199.72,28297 Johnson Terrace
549,Alfreda,Scheu,ascheuf8@skyrock.com,Female,86.50.23.176,07 Hayes Pass
550,Toiboid,Maden,tmadenf9@stanford.edu,Male,54.186.165.67,9655 Gina Place
551,Gilbert,Hagger,ghaggerfa@csmonitor.com,Male,230.121.236.245,9 Division Court
552,Bernete,Bennallck,bbennallckfb@infoseek.co.jp,Female,27.134.105.16,1789 Meadow Valley Avenue
553,Lavinie,Jockle,ljocklefc@reverbnation.com,Female,161.170.177.45,6583 8th Parkway
554,Tiffani,Catley,tcatleyfd@ovh.net,Female,28.223.148.234,92163 Grasskamp Parkway
555,Dory,Keeling,dkeelingfe@amazon.co.uk,Female,29.100.148.88,00 Grover Parkway
556,Dorian,Coombe,dcoombeff@nyu.edu,Genderfluid,234.93.99.103,0646 Corscot Plaza
557,Kaleb,Myhan,kmyhanfg@canalblog.com,Male,191.111.118.203,68 Katie Avenue
558,Harri,Hedworth,hhedworthfh@mtv.com,Female,143.53.254.205,54 Schlimgen Circle
559,Shantee,Ply,splyfi@sciencedirect.com,Female,227.104.197.120,982 Washington Place
560,Gavin,Whitehead,gwhiteheadfj@nytimes.com,Male,149.161.67.69,0571 Burning Wood Court
561,Alene,Bonifazio,abonifaziofk@xrea.com,Female,88.247.43.50,5303 Linden Place
562,Remy,Blunsden,rblunsdenfl@cloudflare.com,Female,34.233.78.230,01399 Messerschmidt Center
563,Mimi,Joslow,mjoslowfm@zimbio.com,Female,141.208.81.194,42 Warrior Avenue
564,Shaw,Heyns,sheynsfn@exblog.jp,Male,33.117.113.128,6 Eastlawn Lane
565,Dara,Bambrick,dbambrickfo@freewebs.com,Female,102.75.162.153,33 Armistice Center
566,Brandyn,Bunning,bbunningfp@etsy.com,Male,70.223.27.45,758 Forster Trail
567,Pete,Kyncl,pkynclfq@vkontakte.ru,Male,131.177.241.38,9 Hollow Ridge Way
568,Mil,Brabham,mbrabhamfr@woothemes.com,Female,60.132.66.86,41 Reinke Place
569,Bradly,Macura,bmacurafs@soundcloud.com,Male,210.92.137.202,620 Montana Plaza
570,Harmony,Trout,htroutft@blog.com,Female,177.243.176.192,61 Stone Corner Crossing
571,Lulu,Peete,lpeetefu@tmall.com,Female,22.91.235.10,7 Menomonie Junction
572,Arlyne,Burke,aburkefv@slashdot.org,Genderfluid,179.110.75.45,63 Pennsylvania Center
573,Emelyne,Dacca,edaccafw@photobucket.com,Female,2.71.169.146,3 Warbler Alley
574,Norma,Halfhide,nhalfhidefx@elegantthemes.com,Female,48.29.217.178,3311 Macpherson Place
575,Walt,Mardlin,wmardlinfy@ucoz.ru,Male,152.55.63.165,76029 Paget Pass
576,Iormina,Killingsworth,ikillingsworthfz@1und1.de,Female,2.157.59.166,99 Briar Crest Alley
577,Ethe,Edgecumbe,eedgecumbeg0@arstechnica.com,Male,155.173.177.27,216 Linden Court
578,Ring,Click,rclickg1@cam.ac.uk,Male,176.70.136.242,50472 Crownhardt Center
579,Francois,Cubberley,fcubberleyg2@google.com,Male,202.155.228.114,854 Di Loreto Avenue
580,Atalanta,Troup,atroupg3@time.com,Female,131.197.195.136,48 Fairfield Way
581,Sherwin,Crush,scrushg4@patch.com,Male,205.54.148.103,16 Arizona Crossing
582,Francene,Routley,froutleyg5@yahoo.com,Female,234.11.56.54,9 Carpenter Park
583,Godfry,Mourton,gmourtong6@bloglovin.com,Male,23.50.5.90,71223 Montana Alley
584,Paton,Driffield,pdriffieldg7@cyberchimps.com,Male,29.158.189.97,44 Hanson Pass
585,Tamra,MacAne,tmacaneg8@weebly.com,Female,122.202.200.245,42092 Burning Wood Terrace
586,Shayna,Sangwin,ssangwing9@issuu.com,Female,18.101.12.136,78 Dahle Court
587,Sybilla,Eborall,seborallga@wiley.com,Female,79.87.235.80,7793 Jana Junction
588,Lenette,Libbey,llibbeygb@state.tx.us,Female,77.165.239.242,6393 Ramsey Place
589,Daile,Aspel,daspelgc@addtoany.com,Female,126.235.146.176,941 Jana Drive
590,Lily,Pluck,lpluckgd@slate.com,Female,59.187.8.140,40865 Center Terrace
591,Virginie,Akeherst,vakeherstge@google.com.br,Female,72.7.26.68,7460 Nobel Junction
592,Dov,Sedcole,dsedcolegf@epa.gov,Agender,149.247.35.59,14 Clyde Gallagher Hill
593,Pierre,Giovanizio,pgiovaniziogg@dot.gov,Male,97.251.150.59,746 Evergreen Alley
594,Kaia,Sergent,ksergentgh@google.com,Female,1.107.57.78,1 Knutson Street
595,Jerrine,Basnett,jbasnettgi@indiegogo.com,Female,141.190.154.67,30 Sunbrook Point
596,Jamie,Wickenden,jwickendengj@tuttocitta.it,Male,9.155.228.188,78652 Hooker Lane
597,Eli,Kagan,ekagangk@accuweather.com,Male,24.48.173.206,96985 Spohn Parkway
598,Nan,Hairesnape,nhairesnapegl@ebay.co.uk,Female,50.206.220.80,26719 Sycamore Road
599,Aime,Lygo,alygogm@bing.com,Female,154.59.193.175,792 Dawn Avenue
600,Myrtie,Earland,mearlandgn@networkadvertising.org,Female,239.231.157.65,48537 Manley Circle
601,Ileana,Zanussii,izanussiigo@goodreads.com,Female,31.82.46.227,84 Dapin Crossing
602,Putnam,Welchman,pwelchmangp@4shared.com,Male,94.206.70.18,2 Ilene Park
603,Omero,Ambroisin,oambroisingq@umich.edu,Male,17.172.72.96,5 Coolidge Center
604,Piper,Rosebotham,prosebothamgr@e-recht24.de,Non-binary,107.156.101.172,11 Rieder Drive
605,Radcliffe,Othen,rothengs@webnode.com,Male,184.103.247.132,712 Anderson Point
606,Aileen,Ironside,aironsidegt@cam.ac.uk,Female,34.197.135.106,15 Warbler Plaza
607,Hodge,Titley,htitleygu@blogspot.com,Male,111.9.84.211,66 Village Park
608,Gusta,Frigot,gfrigotgv@shinystat.com,Genderqueer,252.215.39.56,837 Autumn Leaf Drive
609,Franny,Coats,fcoatsgw@posterous.com,Male,198.91.219.190,20695 Transport Drive
610,Colline,Twidale,ctwidalegx@columbia.edu,Female,209.12.94.121,759 East Way
611,Aharon,Grealey,agrealeygy@guardian.co.uk,Male,49.237.221.117,495 Northwestern Court
612,Delia,Phelipeau,dphelipeaugz@facebook.com,Female,229.227.202.6,4635 South Pass
613,El,De Zamudio,edezamudioh0@usa.gov,Male,238.181.21.13,68 Waywood Plaza
614,Buddy,Durant,bduranth1@state.tx.us,Male,11.161.82.143,5 Buhler Park
615,Janeta,McGarry,jmcgarryh2@issuu.com,Female,17.197.43.77,43562 Hudson Point
616,Saxon,Risom,srisomh3@comsenz.com,Male,81.234.142.188,75 Briar Crest Lane
617,Hew,Weedall,hweedallh4@ca.gov,Male,122.179.143.182,8688 Ludington Way
618,Huntley,Hawarden,hhawardenh5@amazon.co.uk,Male,23.117.190.79,45482 Hudson Park
619,Dexter,Brothwood,dbrothwoodh6@mail.ru,Male,122.223.137.252,114 Dawn Circle
620,Cobb,Heineken,cheinekenh7@shareasale.com,Male,193.116.245.244,93 Randy Parkway
621,Anica,Feenan,afeenanh8@nifty.com,Female,23.222.119.100,198 Westend Trail
622,Chucho,Deek,cdeekh9@theatlantic.com,Male,238.35.57.136,1746 Kedzie Parkway
623,Ogdan,Berthel,oberthelha@phoca.cz,Male,252.82.119.195,31200 Hagan Street
624,Vincent,Narraway,vnarrawayhb@phoca.cz,Male,157.146.68.23,4259 Longview Pass
625,Cello,Wrought,cwroughthc@google.es,Male,100.220.197.53,58 Brentwood Avenue
626,Farlay,O' Borne,fobornehd@wikispaces.com,Male,160.19.14.180,9464 Armistice Junction
627,Pepillo,Stede,pstedehe@si.edu,Male,4.20.213.84,2768 Rigney Center
628,Earvin,Siebart,esiebarthf@washington.edu,Agender,13.172.43.126,88970 Memorial Parkway
629,Homer,Aubri,haubrihg@reuters.com,Male,172.12.92.99,40451 Thierer Street
630,Peder,Attock,pattockhh@ihg.com,Male,44.58.239.87,1983 Sauthoff Center
631,Trever,Sherland,tsherlandhi@4shared.com,Male,249.229.228.6,22223 Lukken Alley
632,Aldrich,Blasius,ablasiushj@omniture.com,Male,125.245.145.51,99 Autumn Leaf Point
633,Skell,Closs,sclosshk@wisc.edu,Male,87.164.127.112,1151 Glacier Hill Trail
634,Josey,Saenz,jsaenzhl@go.com,Female,139.85.1.211,271 Anderson Crossing
635,Marybeth,Moses,mmoseshm@spiegel.de,Female,42.12.197.150,7008 Springview Alley
636,Katina,Walklate,kwalklatehn@godaddy.com,Female,127.110.44.77,1 Ilene Plaza
637,Bryon,Coryndon,bcoryndonho@reference.com,Male,3.119.193.92,81299 Westend Lane
638,Birk,Clinton,bclintonhp@washington.edu,Male,191.54.247.251,2730 Dixon Junction
639,Braden,Woodger,bwoodgerhq@ox.ac.uk,Male,226.72.198.243,886 Ronald Regan Lane
640,Frederic,Abeles,fabeleshr@trellian.com,Male,97.64.101.212,82386 Elgar Lane
641,Marcela,Orange,morangehs@deviantart.com,Female,144.192.171.120,160 Havey Crossing
642,Yettie,MacAscaidh,ymacascaidhht@bloglovin.com,Female,193.190.54.197,9 Old Gate Way
643,Regen,Sakins,rsakinshu@scribd.com,Male,106.219.66.192,94 Green Alley
644,Reese,Dunk,rdunkhv@umich.edu,Male,71.145.79.14,3 Old Gate Park
645,Grace,Tomlett,gtomletthw@weibo.com,Male,9.248.43.92,6773 Arkansas Court
646,Amargo,Firmin,afirminhx@liveinternet.ru,Female,180.123.163.134,242 Gateway Circle
647,Yardley,Ridout,yridouthy@people.com.cn,Male,140.189.127.141,174 Farmco Pass
648,Cristiano,Waywell,cwaywellhz@disqus.com,Male,71.225.18.91,7401 Del Sol Lane
649,Lelah,Greenlees,lgreenleesi0@shop-pro.jp,Female,12.206.55.218,8781 Spohn Hill
650,Ross,Troop,rtroopi1@unicef.org,Male,76.35.125.54,9929 Forest Run Way
651,Tiertza,Kennsley,tkennsleyi2@wufoo.com,Genderfluid,235.219.146.155,6435 Continental Street
652,Marsiella,Chattaway,mchattawayi3@boston.com,Female,194.141.7.4,7 Ridgeway Court
653,Lilla,Finby,lfinbyi4@taobao.com,Female,126.26.246.179,3 Transport Avenue
654,Jude,Collopy,jcollopyi5@tripadvisor.com,Male,85.109.224.47,662 Towne Alley
655,Hugh,Mapowder,hmapowderi6@youtu.be,Male,18.190.99.144,3 Towne Place
656,Garvin,Tinmouth,gtinmouthi7@cmu.edu,Male,198.100.144.98,8843 Weeping Birch Crossing
657,Diego,Reeder,dreederi8@furl.net,Male,68.158.228.105,25 Tony Crossing
658,Janifer,Oswick,joswicki9@webs.com,Female,209.165.144.28,5 Old Gate Road
659,Andrew,Swannack,aswannackia@shinystat.com,Male,39.30.87.106,582 Main Pass
660,Saunders,Ballchin,sballchinib@chronoengine.com,Male,59.10.12.114,54964 American Court
661,Vincents,Tommeo,vtommeoic@unc.edu,Male,165.237.123.43,102 Lerdahl Terrace
662,Arch,Jenking,ajenkingid@uiuc.edu,Male,24.41.13.161,6 Division Way
663,Roxana,Ziemen,rziemenie@telegraph.co.uk,Female,234.161.158.97,5528 Manley Circle
664,Rancell,Gulland,rgullandif@techcrunch.com,Male,153.237.115.66,8079 Gateway Hill
665,Erhart,Skaife d'Ingerthorpe,eskaifedingerthorpeig@sphinn.com,Male,56.165.204.61,26194 Bobwhite Alley
666,Amil,Tallant,atallantih@example.com,Female,38.97.162.108,58 Thompson Street
667,Cly,Tessyman,ctessymanii@joomla.org,Male,81.142.104.217,8 Melvin Road
668,Jorrie,Murkitt,jmurkittij@nsw.gov.au,Female,240.74.206.57,41 Debra Park
669,Torin,Bonnick,tbonnickik@last.fm,Male,204.208.130.238,95 Jana Court
670,Rosella,Vallery,rvalleryil@shutterfly.com,Female,9.106.70.95,2475 Lukken Pass
671,Patrice,Trower,ptrowerim@constantcontact.com,Female,51.99.32.176,122 Aberg Hill
672,Chrisy,Parlet,cparletin@skype.com,Male,19.208.168.248,362 Fisk Parkway
673,Kial,Coalburn,kcoalburnio@people.com.cn,Genderqueer,92.202.231.4,6 Sloan Trail
674,Jaimie,Sondon,jsondonip@blogspot.com,Female,45.164.240.135,9 Cambridge Center
675,Frederic,Gernier,fgernieriq@blog.com,Male,216.85.215.119,291 Judy Circle
676,Graeme,Neathway,gneathwayir@multiply.com,Male,117.169.44.188,498 Farmco Drive
677,Margeaux,Philot,mphilotis@nyu.edu,Female,213.128.70.42,149 Stang Road
678,Kelley,Duckels,kduckelsit@comcast.net,Male,188.179.143.127,865 Anniversary Crossing
679,Hayyim,Sheraton,hsheratoniu@arizona.edu,Male,118.163.120.145,8 Nova Center
680,Merrielle,Le Moucheux,mlemoucheuxiv@reference.com,Polygender,171.17.169.149,981 Vidon Point
681,Merry,Laise,mlaiseiw@symantec.com,Female,126.86.237.219,98 Barnett Park
682,Cirilo,Fowlie,cfowlieix@ft.com,Male,93.208.121.161,0658 Bashford Street
683,Brinna,Satyford,bsatyfordiy@aol.com,Female,80.203.87.169,2 Main Avenue
684,Trixy,Severn,tseverniz@columbia.edu,Female,234.58.41.80,4 Maple Wood Trail
685,Crichton,Halford,chalfordj0@ning.com,Male,2.74.100.189,85 Warner Park
686,Gilbertine,Powney,gpowneyj1@mail.ru,Female,80.92.121.193,8 Commercial Drive
687,Sebastiano,Murrill,smurrillj2@apache.org,Male,1.121.24.10,28989 Jenna Place
688,Donnajean,Yorston,dyorstonj3@comcast.net,Female,188.81.92.86,0 Melrose Way
689,Babs,Myner,bmynerj4@163.com,Female,183.114.86.119,55328 Hansons Park
690,Ceil,Lednor,clednorj5@hatena.ne.jp,Female,175.192.249.232,03 Cherokee Park
691,Joannes,McGuff,jmcguffj6@exblog.jp,Female,63.254.229.50,6 Hudson Drive
692,Humfried,Vassano,hvassanoj7@globo.com,Male,190.208.197.45,9643 Roxbury Crossing
693,Nolly,Eck,neckj8@flavors.me,Genderqueer,244.221.247.215,0810 Coolidge Way
694,Sander,Vose,svosej9@sina.com.cn,Male,9.138.191.207,544 Ilene Way
695,Ephraim,Peppett,epeppettja@amazon.co.uk,Genderfluid,206.118.200.37,393 Bayside Center
696,Marlene,Lindenberg,mlindenbergjb@feedburner.com,Female,242.196.66.65,392 David Lane
697,Price,Tease,pteasejc@washington.edu,Male,76.253.251.67,04632 Sugar Trail
698,Diana,Lanyon,dlanyonjd@vistaprint.com,Female,223.224.77.237,22117 Erie Terrace
699,Raffarty,Rusted,rrustedje@biglobe.ne.jp,Male,188.87.43.204,50 Hanson Pass
700,Jehu,Benaine,jbenainejf@columbia.edu,Male,176.128.24.86,994 Farmco Terrace
701,Kori,Wace,kwacejg@google.fr,Female,21.137.139.90,91097 Jackson Terrace
702,Minny,Regan,mreganjh@eventbrite.com,Female,73.26.105.119,87154 Sugar Pass
703,Leroi,Broschke,lbroschkeji@businessinsider.com,Male,29.2.178.78,23 Manley Avenue
704,Hashim,Weekly,hweeklyjj@ow.ly,Male,81.243.107.14,760 Loeprich Hill
705,Florance,Pessold,fpessoldjk@ox.ac.uk,Female,166.7.35.79,1288 Meadow Vale Pass
706,Ann,Prettyjohn,aprettyjohnjl@youku.com,Female,198.123.75.21,5 Shoshone Plaza
707,Raddy,Ninotti,rninottijm@pen.io,Male,69.113.221.153,2687 Springview Terrace
708,Rani,Gorioli,rgoriolijn@hexun.com,Female,45.221.55.28,63020 Warrior Park
709,Lothario,Hassin,lhassinjo@wunderground.com,Male,135.210.179.66,98821 Walton Junction
710,Quinta,Buchanan,qbuchananjp@examiner.com,Female,63.235.76.132,1679 Ruskin Park
711,Juditha,Royall,jroyalljq@gov.uk,Female,71.32.99.39,92 Stoughton Crossing
712,Shermy,Bonwell,sbonwelljr@twitter.com,Male,33.77.243.147,1 Delaware Drive
713,Sanson,Bohike,sbohikejs@ca.gov,Male,126.161.194.195,9350 Caliangt Circle
714,Thibaut,Guilloux,tguillouxjt@php.net,Male,5.23.20.156,91659 Kensington Circle
715,Gibb,Wreight,gwreightju@irs.gov,Male,177.145.205.199,653 Elgar Parkway
716,Edan,Cornilli,ecornillijv@guardian.co.uk,Male,160.225.159.1,9693 Crowley Place
717,Durant,Weild,dweildjw@sciencedaily.com,Male,135.20.116.141,6 Utah Place
718,Allina,Straniero,astranierojx@istockphoto.com,Female,149.139.124.100,4 Marcy Court
719,Hyman,Bradder,hbradderjy@php.net,Male,178.205.153.124,563 Moose Trail
720,Ambros,Rickets,aricketsjz@gmpg.org,Genderfluid,55.236.252.209,733 Bay Circle
721,Geoffry,Pickring,gpickringk0@huffingtonpost.com,Male,41.5.58.192,779 Union Place
722,Kev,Stoppard,kstoppardk1@wikimedia.org,Male,124.11.217.141,24 Shopko Trail
723,Phylys,Pedel,ppedelk2@omniture.com,Female,231.180.115.57,751 Sauthoff Plaza
724,Andra,Klageman,aklagemank3@sphinn.com,Female,20.36.55.173,2 Nobel Park
725,Dianna,Grishukov,dgrishukovk4@godaddy.com,Female,203.80.126.50,614 Oxford Circle
726,Booth,Saye,bsayek5@senate.gov,Male,209.74.102.199,4919 Johnson Junction
727,Vaclav,Sola,vsolak6@biglobe.ne.jp,Male,130.133.207.34,4338 Meadow Vale Court
728,Anette,Labrom,alabromk7@angelfire.com,Female,141.185.11.47,67184 Stephen Plaza
729,Brocky,Ivell,bivellk8@theatlantic.com,Male,98.23.187.126,6808 Fallview Street
730,Sanson,Kender,skenderk9@jigsy.com,Male,11.240.7.148,4 American Ash Way
731,Conrado,Frantzeni,cfrantzenika@pcworld.com,Male,9.243.8.52,8 Farwell Drive
732,Aron,Beche,abechekb@prnewswire.com,Male,192.18.20.101,95 6th Lane
733,Gilberta,Reimer,greimerkc@ycombinator.com,Bigender,23.119.112.170,548 Declaration Alley
734,Claudianus,McClaurie,cmcclauriekd@storify.com,Male,138.223.189.44,84 Charing Cross Point
735,Rory,Naish,rnaishke@alibaba.com,Male,122.104.108.146,498 Di Loreto Avenue
736,Murvyn,Tamblingson,mtamblingsonkf@yandex.ru,Male,113.107.114.40,0115 Cascade Point
737,Dietrich,MacGahey,dmacgaheykg@cam.ac.uk,Male,56.193.246.180,594 5th Circle
738,Lidia,Wabersinke,lwabersinkekh@tiny.cc,Female,187.204.12.173,823 Autumn Leaf Junction
739,Jemima,Ferguson,jfergusonki@microsoft.com,Female,63.135.80.172,707 Schiller Place
740,Lexis,Beacock,lbeacockkj@msn.com,Female,158.157.111.145,1 Nelson Trail
741,Magdalena,McGirl,mmcgirlkk@yahoo.co.jp,Female,104.93.78.117,86 Golf View Place
742,Dory,Paybody,dpaybodykl@accuweather.com,Female,65.57.93.12,37490 Derek Terrace
743,Hesther,Vasic,hvasickm@house.gov,Female,69.61.187.130,46686 Tennessee Court
744,Pace,Maasz,pmaaszkn@walmart.com,Male,147.151.251.108,39 Lake View Center
745,Field,O' Dornan,fodornanko@flickr.com,Male,64.241.33.123,8 Welch Alley
746,Zorine,Copnell,zcopnellkp@umich.edu,Female,140.243.109.155,56592 Raven Crossing
747,Lay,Jozsika,ljozsikakq@mlb.com,Male,140.191.58.163,9741 Cottonwood Junction
748,Veriee,Trahear,vtrahearkr@fotki.com,Female,26.217.2.24,88 Lawn Parkway
749,Raviv,Knobell,rknobellks@pcworld.com,Genderqueer,74.114.46.219,58 Fremont Alley
750,Arvy,Lynde,alyndekt@prnewswire.com,Male,14.226.246.92,3 Commercial Parkway
751,Arabel,Hickin,ahickinku@ox.ac.uk,Female,134.43.64.48,66 Westridge Avenue
752,Barr,Habgood,bhabgoodkv@gravatar.com,Male,219.29.5.235,9 Basil Circle
753,Eartha,Etheridge,eetheridgekw@g.co,Female,155.98.187.136,9268 Porter Court
754,Carmon,Wickstead,cwicksteadkx@yelp.com,Female,216.221.185.207,2799 Graceland Court
755,Hubie,Rothon,hrothonky@bravesites.com,Male,17.113.222.71,49366 Anzinger Alley
756,Camila,Newport,cnewportkz@last.fm,Female,97.38.44.241,876 Pearson Plaza
757,Sheffield,Angrove,sangrovel0@china.com.cn,Male,200.86.93.80,50939 Anzinger Point
758,Tye,Meier,tmeierl1@army.mil,Non-binary,45.222.23.155,121 Summit Hill
759,Timi,Keech,tkeechl2@surveymonkey.com,Female,39.165.110.118,49640 Cambridge Parkway
760,Alva,Dowber,adowberl3@globo.com,Male,176.24.180.86,286 Moulton Point
761,Hillier,Tomblett,htomblettl4@samsung.com,Bigender,93.139.54.51,0 Columbus Place
762,Basil,Beausang,bbeausangl5@addtoany.com,Male,195.35.41.164,531 Fairview Plaza
763,Orbadiah,Maidlow,omaidlowl6@harvard.edu,Male,194.203.11.223,4262 Village Green Place
764,Peggy,Scemp,pscempl7@cmu.edu,Female,39.46.158.174,30 Hallows Point
765,Katha,Beacom,kbeacoml8@umn.edu,Female,11.251.123.205,287 Main Trail
766,Brnaba,Renshaw,brenshawl9@prlog.org,Male,50.48.153.0,96616 3rd Place
767,Giustina,Vayro,gvayrola@tmall.com,Female,8.99.58.234,0 Cherokee Lane
768,Barbara,Lightowler,blightowlerlb@people.com.cn,Female,1.176.52.110,82968 Portage Center
769,Freedman,Kearle,fkearlelc@goo.gl,Male,244.83.111.101,84488 Arrowood Circle
770,Philis,Heeks,pheeksld@ucoz.ru,Female,73.195.14.250,228 Anzinger Center
771,Allys,Munden,amundenle@disqus.com,Female,201.85.108.145,9427 Jay Point
772,Rad,Ansley,ransleylf@webmd.com,Male,141.60.78.151,7 Service Hill
773,Juanita,Starford,jstarfordlg@chronoengine.com,Female,70.117.209.13,83081 Shoshone Junction
774,Ashbey,Masterton,amastertonlh@odnoklassniki.ru,Male,17.134.241.177,74 Marcy Terrace
775,Lucas,Caddens,lcaddensli@privacy.gov.au,Genderqueer,188.63.181.230,530 Chive Terrace
776,Dominik,Maykin,dmaykinlj@biglobe.ne.jp,Male,28.145.14.111,89 Pawling Road
777,Harmonie,Nickels,hnickelslk@opensource.org,Agender,25.172.168.86,0444 Hagan Crossing
778,Odele,Firmager,ofirmagerll@jugem.jp,Female,37.155.14.245,246 Arapahoe Lane
779,Henka,Frankish,hfrankishlm@facebook.com,Female,32.231.29.164,5 Barnett Point
780,Anthea,Haxley,ahaxleyln@ehow.com,Female,44.114.92.195,4325 Acker Place
781,Fawn,Gurery,fgurerylo@amazon.co.jp,Female,232.123.123.69,13400 Boyd Terrace
782,Bradford,Lamas,blamaslp@ycombinator.com,Male,54.76.84.228,4 Emmet Lane
783,Herta,Corselles,hcorselleslq@ucla.edu,Bigender,252.13.221.16,56298 Elgar Pass
784,Hannie,Scammell,hscammelllr@360.cn,Female,108.211.66.236,13 Mosinee Terrace
785,Aleece,Spacy,aspacyls@globo.com,Agender,238.203.19.121,91 Fairfield Terrace
786,Rollo,Pocknell,rpocknelllt@hugedomains.com,Male,128.88.199.219,5 Park Meadow Trail
787,Eadmund,Sorby,esorbylu@tamu.edu,Male,181.146.127.125,85907 Surrey Street
788,Gavra,O' Mullan,gomullanlv@squarespace.com,Agender,194.132.141.220,569 Autumn Leaf Hill
789,Kelila,Cadigan,kcadiganlw@pen.io,Female,81.99.39.239,428 Blackbird Avenue
790,Natalie,Bome,nbomelx@acquirethisname.com,Female,131.130.248.216,82292 Jackson Drive
791,Thomasina,Higford,thigfordly@home.pl,Female,144.10.80.147,6251 Ruskin Junction
792,Jeanna,Ortner,jortnerlz@irs.gov,Female,115.34.96.39,1 Mayer Place
793,Eddi,Folkerd,efolkerdm0@symantec.com,Female,214.28.58.194,9323 Fuller Place
794,Klarrisa,McIntosh,kmcintoshm1@hhs.gov,Female,39.227.36.67,74368 Dovetail Pass
795,Vinson,Gunbie,vgunbiem2@globo.com,Male,143.190.101.118,45488 Fulton Road
796,Tamqrah,Joice,tjoicem3@photobucket.com,Female,100.63.135.91,09 Green Park
797,Shannen,Fritchley,sfritchleym4@sogou.com,Female,86.151.182.250,6 Shopko Parkway
798,Shaw,Buttler,sbuttlerm5@accuweather.com,Male,172.211.156.104,77 Coleman Alley
799,Flor,Assel,fasselm6@wix.com,Female,33.118.255.10,4 Reindahl Street
800,Merridie,Elverstone,melverstonem7@fotki.com,Female,193.206.14.20,46 Southridge Park
801,Kipp,Baynam,kbaynamm8@arstechnica.com,Male,243.37.60.27,388 Schiller Avenue
802,Benjamen,Reeson,breesonm9@edublogs.org,Male,226.5.211.20,7181 Haas Place
803,Jeannette,McEniry,jmceniryma@quantcast.com,Female,96.19.188.163,09 Burrows Pass
804,Neddy,Le Franc,nlefrancmb@51.la,Genderqueer,190.188.222.150,13996 Leroy Court
805,Roana,Hullock,rhullockmc@zimbio.com,Female,200.209.94.1,2431 Fair Oaks Crossing
806,Sylvan,Bosquet,sbosquetmd@github.com,Male,149.60.176.20,93016 Reindahl Terrace
807,Winny,Morrott,wmorrottme@cbc.ca,Female,87.42.38.45,3647 Chinook Alley
808,Orsola,Mowbury,omowburymf@deliciousdays.com,Female,80.61.35.105,16 Victoria Crossing
809,Dita,Ruos,druosmg@ustream.tv,Female,121.12.151.204,4 Shoshone Terrace
810,Pen,Curnok,pcurnokmh@soup.io,Male,64.63.70.14,5329 Weeping Birch Hill
811,Thatcher,Kennermann,tkennermannmi@friendfeed.com,Male,179.232.126.39,49 Sage Pass
812,Annabela,Alliband,aallibandmj@imgur.com,Female,83.204.110.247,6 Holmberg Plaza
813,Abbie,Dodgshun,adodgshunmk@blogger.com,Female,194.222.119.187,7 Steensland Pass
814,Oralia,Aindriu,oaindriuml@aol.com,Female,81.130.11.151,2246 Main Road
815,Verene,Marquet,vmarquetmm@hao123.com,Female,161.126.201.197,76862 Lotheville Junction
816,Goldina,Moorhouse,gmoorhousemn@ustream.tv,Female,88.246.111.129,70407 Valley Edge Trail
817,Jessamyn,Dearden,jdeardenmo@i2i.jp,Female,113.86.145.28,76067 Anniversary Center
818,Quintana,Jennick,qjennickmp@altervista.org,Female,240.253.215.193,48 Meadow Ridge Avenue
819,Lisa,Adnet,ladnetmq@unesco.org,Female,175.41.118.139,718 Badeau Crossing
820,Charla,Cardenas,ccardenasmr@naver.com,Female,238.47.133.233,967 Nobel Circle
821,Travis,Swinn,tswinnms@ucsd.edu,Male,136.55.253.239,563 Kings Street
822,Natividad,McFaul,nmcfaulmt@bloglovin.com,Female,93.138.192.83,50 Kennedy Trail
823,Morlee,Dyke,mdykemu@state.tx.us,Male,205.22.48.226,70953 Paget Road
824,Shawn,Maryman,smarymanmv@com.com,Female,83.64.114.150,29 Porter Lane
825,Diannne,Van Cassel,dvancasselmw@ycombinator.com,Female,29.180.78.146,5629 Carey Junction
826,Joann,Capelle,jcapellemx@cbsnews.com,Female,75.48.165.12,9 Schurz Lane
827,Blanca,Bourton,bbourtonmy@tamu.edu,Female,117.66.143.208,40 John Wall Lane
828,Lynnet,Rodden,lroddenmz@skype.com,Agender,208.101.233.209,8 Dryden Hill
829,Merlina,Purkess,mpurkessn0@shinystat.com,Genderfluid,205.109.37.144,800 Dayton Parkway
830,Lindsy,Fishleigh,lfishleighn1@wired.com,Female,31.33.147.75,232 Logan Lane
831,Tiphanie,Josskowitz,tjosskowitzn2@edublogs.org,Female,38.107.49.145,235 Londonderry Road
832,Terri,Mish,tmishn3@mail.ru,Female,82.167.131.207,38453 West Road
833,Brigitta,MacCarter,bmaccartern4@ebay.com,Female,186.78.240.223,7509 Jay Terrace
834,Brion,Lief,bliefn5@4shared.com,Male,163.149.149.36,00699 Talisman Court
835,Rhonda,Holborn,rholbornn6@dot.gov,Non-binary,129.13.91.90,1807 Meadow Vale Pass
836,Priscella,MacCarlich,pmaccarlichn7@bravesites.com,Female,32.103.28.185,98 Northland Park
837,Jacintha,Freen,jfreenn8@chicagotribune.com,Female,133.147.53.59,821 Southridge Pass
838,Hal,Backes,hbackesn9@theguardian.com,Male,115.9.146.82,0 7th Terrace
839,Archibald,Howlett,ahowlettna@nih.gov,Polygender,224.78.158.105,33 Mitchell Lane
840,Alisun,O'Kane,aokanenb@cam.ac.uk,Female,97.45.38.11,5 Toban Pass
841,Orsola,Griss,ogrissnc@mtv.com,Polygender,163.4.19.194,723 Erie Road
842,Desirae,Fairweather,dfairweathernd@tinyurl.com,Female,183.137.103.159,6816 Loeprich Avenue
843,Kylie,Trebble,ktrebblene@photobucket.com,Male,12.200.44.211,188 Warrior Place
844,Micah,Hancke,mhanckenf@discovery.com,Male,57.74.15.164,0490 Myrtle Junction
845,Anabelle,Staner,astanerng@ted.com,Female,113.187.223.197,37785 Pennsylvania Street
846,Rhody,Hallifax,rhallifaxnh@furl.net,Female,207.24.111.96,57181 Fieldstone Court
847,Bessy,Cowdroy,bcowdroyni@jiathis.com,Female,76.206.188.163,660 Talisman Parkway
848,Candie,Chaytor,cchaytornj@mtv.com,Female,204.238.195.155,82 2nd Pass
849,Urbano,Lambdon,ulambdonnk@paginegialle.it,Male,129.91.242.79,567 Hoard Plaza
850,Abbi,Barber,abarbernl@yolasite.com,Female,85.51.182.181,64605 Pepper Wood Park
851,Ralph,Pethick,rpethicknm@facebook.com,Male,13.77.79.184,3360 Stoughton Way
852,Lyn,Grinaway,lgrinawaynn@google.co.jp,Female,60.186.67.7,805 Bluejay Road
853,Jeromy,Koppes,jkoppesno@senate.gov,Male,22.25.213.159,1 Nelson Place
854,Bonita,Comins,bcominsnp@businesswire.com,Female,118.192.75.3,45466 Dapin Court
855,Mei,Sansun,msansunnq@usnews.com,Female,46.78.79.156,7 Oak Junction
856,Caria,Lorman,clormannr@berkeley.edu,Bigender,31.228.216.179,6 Vahlen Way
857,Piotr,Minchin,pminchinns@google.pl,Male,205.235.165.38,8 Grover Alley
858,Frederik,Graal,fgraalnt@ca.gov,Male,188.212.193.82,5701 Daystar Place
859,Amalea,Lammin,alamminnu@opensource.org,Female,69.219.60.117,46065 Bayside Center
860,Ad,Roubottom,aroubottomnv@creativecommons.org,Male,3.49.0.6,03902 Little Fleur Trail
861,Lilian,Milham,lmilhamnw@statcounter.com,Female,99.114.50.34,20 Esker Court
862,Sheff,Braghini,sbraghininx@reference.com,Polygender,226.113.132.126,057 Hazelcrest Alley
863,Reece,Loxston,rloxstonny@ehow.com,Male,71.199.159.160,324 Sauthoff Way
864,Malva,Gaynor,mgaynornz@engadget.com,Female,156.227.184.67,2734 Granby Plaza
865,Orson,Hirche,ohircheo0@yellowpages.com,Male,161.82.253.123,73 Talmadge Hill
866,Klaus,Meffin,kmeffino1@stumbleupon.com,Male,26.235.69.116,5 Fulton Park
867,Arlin,Bresnen,abresneno2@sciencedaily.com,Male,242.85.112.230,8 Clyde Gallagher Circle
868,Russ,Beumant,rbeumanto3@list-manage.com,Male,58.205.145.42,89179 Browning Park
869,Silvano,Waterfall,swaterfallo4@uiuc.edu,Male,38.25.53.218,179 Susan Pass
870,Sanford,Yole,syoleo5@printfriendly.com,Male,248.244.26.253,938 Ludington Plaza
871,Kristan,Kobpal,kkobpalo6@bloglines.com,Agender,220.17.46.124,2012 Nevada Drive
872,Koenraad,St. Queintain,kstqueintaino7@china.com.cn,Male,12.70.249.29,87602 Ilene Park
873,Caterina,Puttick,cputticko8@cloudflare.com,Female,59.91.83.131,06076 Spenser Crossing
874,Enrika,Slayford,eslayfordo9@blog.com,Female,117.97.95.96,5817 Namekagon Junction
875,Lucais,Grinyakin,lgrinyakinoa@dagondesign.com,Male,162.174.223.198,1435 Sutteridge Street
876,Adora,Fulmen,afulmenob@hud.gov,Female,45.155.70.135,2880 Nova Junction
877,Tiffy,Collelton,tcolleltonoc@seattletimes.com,Female,225.191.110.190,0960 Merry Court
878,Harlin,Ramberg,hrambergod@odnoklassniki.ru,Male,73.162.25.180,93 Esch Point
879,Gordan,MacConnechie,gmacconnechieoe@hugedomains.com,Male,223.167.45.169,47 Morningstar Road
880,Katharyn,Reford,krefordof@hostgator.com,Female,116.136.134.148,78 New Castle Terrace
881,Kennedy,Dines,kdinesog@sourceforge.net,Male,116.45.159.50,6 Loftsgordon Trail
882,Krysta,Menichino,kmenichinooh@livejournal.com,Female,115.200.146.172,79 Bowman Drive
883,Gaylord,Byrde,gbyrdeoi@forbes.com,Male,222.242.206.154,24955 Green Trail
884,Evyn,Covelle,ecovelleoj@google.fr,Male,189.93.210.52,8 Katie Drive
885,Alma,Bold,aboldok@livejournal.com,Female,54.44.54.140,1 Mallory Park
886,Bethanne,Beilby,bbeilbyol@free.fr,Female,227.242.238.190,0 Dakota Court
887,Virgie,Pecha,vpechaom@abc.net.au,Female,141.101.24.164,05280 Cody Lane
888,Maynard,Dormer,mdormeron@google.es,Male,120.26.240.70,20 Sundown Parkway
889,Burch,Dudenie,bdudenieoo@hostgator.com,Male,249.24.108.196,3 Katie Drive
890,Trevar,Acuna,tacunaop@archive.org,Male,60.51.40.242,79066 Shelley Place
891,Moise,Locock,mlocockoq@smugmug.com,Male,16.217.146.142,552 Rieder Circle
892,Nikolaus,Presshaugh,npresshaughor@elegantthemes.com,Male,124.100.225.189,90 Hauk Parkway
893,Berke,Bickley,bbickleyos@amazon.com,Male,231.31.220.148,507 Little Fleur Hill
894,Mada,Gligoraci,mgligoraciot@nymag.com,Female,22.191.235.128,9 Merrick Pass
895,Dacey,Poulglais,dpoulglaisou@altervista.org,Female,254.117.175.120,3 Corben Center
896,Aldric,Platt,aplattov@bbc.co.uk,Male,163.81.220.245,38151 Village Avenue
897,Betta,Finn,bfinnow@ucoz.com,Female,103.161.31.46,29043 Bluestem Trail
898,Umeko,Verne,uverneox@odnoklassniki.ru,Female,139.186.32.162,24 Weeping Birch Park
899,Fidel,Hutchence,fhutchenceoy@craigslist.org,Male,72.145.11.102,16177 Fairview Point
900,Sharlene,Akeherst,sakeherstoz@mapquest.com,Female,253.66.151.18,60752 Ridge Oak Plaza
901,Arney,Rickwood,arickwoodp0@simplemachines.org,Male,34.36.94.245,3309 Hoard Way
902,Chaddie,Garmons,cgarmonsp1@theguardian.com,Polygender,138.113.83.33,2126 Raven Place
903,Worthy,Draisey,wdraiseyp2@blogs.com,Male,5.130.56.99,3 Sheridan Crossing
904,Gibbie,McNeill,gmcneillp3@storify.com,Male,222.222.246.16,56 Anthes Point
905,Marianna,Stackbridge,mstackbridgep4@livejournal.com,Female,227.200.95.174,337 Fair Oaks Parkway
906,Cecilio,Littleton,clittletonp5@howstuffworks.com,Male,16.211.3.4,44 Dawn Parkway
907,Leshia,Tracy,ltracyp6@comcast.net,Female,105.228.66.158,75462 Heffernan Lane
908,Grata,Talloe,gtalloep7@phpbb.com,Female,35.236.86.173,03943 Roxbury Way
909,Gui,Rasmus,grasmusp8@slate.com,Genderfluid,52.51.83.129,9829 Dunning Point
910,Johny,Phare,jpharep9@netvibes.com,Male,176.199.173.187,592 Atwood Terrace
911,Lucian,Cursons,lcursonspa@apple.com,Male,147.109.16.66,00152 Pearson Court
912,Elora,Hartley,ehartleypb@blog.com,Polygender,115.220.189.231,885 Londonderry Junction
913,Kennett,Jest,kjestpc@soundcloud.com,Male,188.57.25.198,0963 Mallard Junction
914,Lee,Huggan,lhugganpd@google.co.uk,Female,59.208.187.152,0 Namekagon Pass
915,Cassandre,Cure,ccurepe@wired.com,Female,136.162.98.25,30 Mendota Park
916,Toinette,Studd,tstuddpf@washingtonpost.com,Female,252.38.190.81,37193 Shasta Street
917,Misti,Turford,mturfordpg@amazon.com,Female,170.106.150.196,93 Marcy Avenue
918,Lauralee,Smowton,lsmowtonph@is.gd,Female,122.54.20.2,443 Sloan Parkway
919,Joshuah,Cassel,jcasselpi@icio.us,Male,107.99.211.102,70 Charing Cross Hill
920,Haven,Trude,htrudepj@reddit.com,Male,236.97.243.181,0166 Bunker Hill Way
921,Ives,Pyford,ipyfordpk@netlog.com,Male,58.15.118.149,56 Surrey Terrace
922,Ines,Wesley,iwesleypl@prweb.com,Female,211.234.152.152,798 Vidon Place
923,Deedee,Donovan,ddonovanpm@virginia.edu,Female,94.13.225.63,26 Redwing Park
924,Dani,Roe,droepn@msu.edu,Genderfluid,155.60.244.130,0 Menomonie Pass
925,Quintilla,Hall-Gough,qhallgoughpo@nifty.com,Female,238.48.165.223,29 Schiller Court
926,Sterling,Woodsford,swoodsfordpp@constantcontact.com,Bigender,224.226.202.5,5 Mitchell Hill
927,Man,Coatham,mcoathampq@vk.com,Male,100.7.191.66,1888 Hagan Crossing
928,Linn,O'Duane,loduanepr@reddit.com,Male,119.30.217.186,04 Eliot Plaza
929,Meggie,Stubbings,mstubbingsps@scientificamerican.com,Female,47.228.220.105,22344 Pearson Drive
930,Milena,Ashborne,mashbornept@networkadvertising.org,Female,216.26.220.126,52811 Kropf Center
931,Lem,Giamelli,lgiamellipu@engadget.com,Male,33.193.219.94,613 Lyons Alley
932,Shela,Stancliffe,sstancliffepv@homestead.com,Female,70.26.186.43,18405 Truax Circle
933,Abrahan,Raddenbury,araddenburypw@europa.eu,Male,58.154.34.65,0363 Briar Crest Center
934,Angele,Wong,awongpx@auda.org.au,Female,172.95.37.206,694 Emmet Lane
935,Zuzana,Carnie,zcarniepy@ed.gov,Female,70.210.140.62,23 Stuart Point
936,Dionisio,Plumtree,dplumtreepz@instagram.com,Male,242.106.66.122,3437 Scoville Way
937,Cody,Shorter,cshorterq0@usgs.gov,Male,14.227.125.201,3816 Goodland Way
938,Allie,Entwistle,aentwistleq1@seesaa.net,Male,90.242.35.240,140 Longview Avenue
939,Trip,Trye,ttryeq2@discuz.net,Male,232.99.156.35,3 Dixon Hill
940,Salmon,Antonomolii,santonomoliiq3@mayoclinic.com,Male,226.66.249.88,29 Spohn Alley
941,Web,Stenners,wstennersq4@ihg.com,Male,220.26.137.53,7 Oak Junction
942,Stanleigh,Hillyatt,shillyattq5@stumbleupon.com,Male,118.167.124.115,506 Green Ridge Terrace
943,Aron,Frude,afrudeq6@timesonline.co.uk,Bigender,155.63.250.255,39 Fair Oaks Terrace
944,Barbra,Pittaway,bpittawayq7@gmpg.org,Female,74.149.86.195,626 La Follette Terrace
945,Cherise,Balthasar,cbalthasarq8@usatoday.com,Female,159.3.66.61,5672 Spohn Park
946,Marlie,Schuricke,mschurickeq9@mozilla.com,Female,119.107.63.41,3 Brown Plaza
947,Melloney,Duggen,mduggenqa@bandcamp.com,Genderqueer,168.232.110.153,90630 Warrior Road
948,Kass,Brychan,kbrychanqb@elegantthemes.com,Genderfluid,190.163.26.207,8 Green Ridge Junction
949,Lara,Marnane,lmarnaneqc@europa.eu,Female,60.73.142.145,0 Charing Cross Drive
950,Boy,Albany,balbanyqd@nytimes.com,Male,168.150.59.104,606 Barby Street
951,Roxanna,Dyment,rdymentqe@blogspot.com,Female,89.73.6.84,3597 Brown Circle
952,Astra,Gisburne,agisburneqf@free.fr,Female,79.60.23.68,8 Del Mar Trail
953,Conny,Levick,clevickqg@nbcnews.com,Male,149.69.146.33,894 Washington Parkway
954,Reg,Figin,rfiginqh@cdbaby.com,Male,7.82.241.188,039 Cody Plaza
955,Yelena,Ibbison,yibbisonqi@w3.org,Female,33.134.143.179,2 Tennessee Crossing
956,Thomas,Lapre,tlapreqj@cocolog-nifty.com,Male,189.43.94.98,824 Heath Road
957,Debi,Randerson,drandersonqk@google.co.jp,Female,152.241.43.25,43042 Barby Hill
958,Johan,Grange,jgrangeql@jalbum.net,Male,77.139.211.245,99 Cottonwood Terrace
959,Antoine,Fratczak,afratczakqm@examiner.com,Male,250.106.70.83,8 Brentwood Center
960,Jereme,Emloch,jemlochqn@walmart.com,Male,59.152.43.173,4441 Elka Park
961,Mable,Oliver,moliverqo@booking.com,Female,111.43.117.19,4 5th Hill
962,Ugo,Kobierra,ukobierraqp@msu.edu,Male,21.249.95.161,2 Bellgrove Pass
963,Jacklyn,Templeman,jtemplemanqq@pagesperso-orange.fr,Female,87.246.62.163,3 West Way
964,Tabbatha,Bonwick,tbonwickqr@php.net,Female,155.104.249.44,713 Bluestem Point
965,Pietro,Veryan,pveryanqs@hhs.gov,Male,140.206.202.71,7 Lotheville Park
966,Gage,Tunney,gtunneyqt@unblog.fr,Male,162.54.205.240,829 Thompson Plaza
967,Brnaba,Brussell,bbrussellqu@networkadvertising.org,Male,231.247.14.107,762 Scoville Avenue
968,Paulette,Chason,pchasonqv@hhs.gov,Female,84.3.146.139,77 Express Hill
969,Michelina,L' Estrange,mlestrangeqw@deliciousdays.com,Female,190.28.215.21,78 Norway Maple Junction
970,Theodosia,Cholonin,tcholoninqx@nhs.uk,Genderqueer,200.114.115.239,0 Armistice Street
971,Pippo,Beran,pberanqy@bing.com,Male,36.152.1.31,13617 Browning Road
972,Panchito,Robison,probisonqz@pbs.org,Male,173.60.178.87,7947 Milwaukee Junction
973,Thorvald,Seydlitz,tseydlitzr0@nyu.edu,Male,165.187.53.176,65 Dennis Court
974,Liliane,Burland,lburlandr1@moonfruit.com,Female,133.36.84.163,1 Larry Circle
975,Benita,Muneely,bmuneelyr2@weather.com,Bigender,8.190.133.253,65 Armistice Alley
976,Phillip,Boig,pboigr3@google.cn,Male,186.247.125.124,3057 Marquette Parkway
977,Ulrika,McMurray,umcmurrayr4@pbs.org,Non-binary,91.82.127.72,582 Macpherson Alley
978,Mara,Myers,mmyersr5@shutterfly.com,Female,162.111.67.223,7396 Linden Hill
979,Charlene,Martusewicz,cmartusewiczr6@imdb.com,Female,200.51.78.86,09 Westerfield Drive
980,Emlyn,Roma,eromar7@reverbnation.com,Female,187.106.62.111,7 Hoffman Plaza
981,Sal,Ridd,sriddr8@nasa.gov,Male,192.57.183.174,88 Nevada Avenue
982,Esther,Kaman,ekamanr9@upenn.edu,Female,242.182.48.25,14 Briar Crest Alley
983,Cristie,Veart,cveartra@vk.com,Female,185.94.83.149,7105 Homewood Way
984,Antony,Mallall,amallallrb@timesonline.co.uk,Male,10.126.102.213,8 Green Ridge Park
985,Rollins,Blenkhorn,rblenkhornrc@ovh.net,Male,122.231.38.30,38 Hallows Road
986,Judas,Yeomans,jyeomansrd@xrea.com,Male,14.38.218.66,8045 Briar Crest Alley
987,Xever,Livock,xlivockre@blogger.com,Male,13.101.121.68,301 Heath Road
988,Mark,Tomek,mtomekrf@ft.com,Male,6.109.50.137,0680 Evergreen Plaza
989,Alvin,Enoch,aenochrg@fc2.com,Male,211.90.246.11,7 Loomis Crossing
990,Blinny,Zarfati,bzarfatirh@nps.gov,Female,125.237.73.51,711 Alpine Place
991,Gardie,Laroze,glarozeri@sogou.com,Male,193.61.30.36,624 Mesta Point
992,Si,Peters,spetersrj@walmart.com,Male,69.247.7.14,723 Rockefeller Pass
993,Horacio,Heindl,hheindlrk@vk.com,Male,189.112.39.28,3173 Cottonwood Trail
994,Ruben,Reignolds,rreignoldsrl@github.io,Male,63.153.120.224,01 Little Fleur Circle
995,Marietta,Sleit,msleitrm@instagram.com,Female,253.199.253.20,7 Northwestern Way
996,Britte,Sterling,bsterlingrn@pcworld.com,Female,33.212.248.239,5360 Farmco Point
997,Meier,Bachelor,mbachelorro@discovery.com,Male,9.212.212.82,24753 7th Circle
998,Harley,Kapiloff,hkapiloffrp@reuters.com,Female,122.96.214.59,051 Mitchell Terrace
999,Lisa,Schultze,lschultzerq@ovh.net,Female,34.221.1.138,4545 Golf Avenue
1000,Carmela,Cosby,ccosbyrr@tinypic.com,Female,19.226.183.23,29 Talisman Crossing
